contact_id,first_name,last_name,email,phone,company,signup_date
CID-5345,Julie,Munoz,hamiltonandrew@example.com,702-877-6974,Miller-Taylor,2023-03-25
CID-9534,Eric,Clayton,romanmatthew@example.org,+1-431-383-7455x084,"Williams, Shah and Lloyd",2023-11-20
CID-5100,Eric,Lopez,johnsondonna@example.net,001-903-531-1907x90306,"Robinson, Shields and Brown",2023-02-27
CID-9569,Spencer,Hughes,stephenlee@example.com,835-420-9042x177,Robinson-Phillips,2023-04-06
CID-9501,Breanna,Price,selenarobinson@example.org,(734)376-4907,Gardner-Wells,2023-02-28
CID-9522,Brooke,Miller,gsmall@example.net,001-340-694-3533x44857,Moore Inc,2024-02-25
CID-9598,Alexandria,Hamilton,matthewvalenzuela@example.com,001-732-260-3323x09821,Mcdowell-Scott,2024-06-03
CID-5002,Christian,Carter,barbara10@example.net,441.731.6475,Clark-Adams,2023-01-26
CID-5135,William,Fuller,zhenderson@example.org,+1-788-892-4141x8328,"Walters, Davenport and Becker",2023-06-06
CID-9544,Valerie,Edwards,smithjoshua@example.org,001-827-912-9666,Smith-Ferguson,2023-11-02
CID-5092,Sarah,Russell,mwoods@example.com,440-619-3802x62067,Smith PLC,2024-01-24
CID-5081,Marie,Holmes,fred53@example.com,441.443.8424x98182,"Weber, Winters and Morgan",2024-12-19
CID-9407,Tabitha,Leonard,kathrynpearson@example.org,896-971-8325x8238,Smith Group,2024-04-14
CID-5351,Eric,Clayton,romanmatthew@example.org,+1-431-383-7455x084,"Williams, Shah and Lloyd",2023-11-20
CID-5191,Ryan,Smith,nicholsdarlene@example.net,390-615-8144,James-Short,2023-03-22
CID-5233,Andrea,Wagner,amandagreene@example.com,685-756-6593x98368,West-Sanders,2024-10-08
CID-5336,Kaitlin,Williams,william64@example.com,+1-352-780-9242x87572,"Moreno, Thomas and Wilson",2023-08-29
CID-5117,Brittany,Gardner,bentonsteven@example.net,674.416.7243,"Henderson, Bennett and Cole",2023-09-29
CID-5258,Sarah,Brown,annette58@example.net,7398551240,"Ferguson, Martin and Obrien",2024-03-17
CID-5004,Douglas,Taylor,julie69@example.com,(332)887-1012x269,Carlson-Mcdonald,2023-09-08
CID-5088,Kimberly,Lane,silvageorge@example.net,001-496-823-0913x0756,"Harris, Shaw and Carr",2024-06-30
CID-5266,Carl,Clark,bmueller@example.net,983-421-9719x97581,Blanchard-Jones,2024-10-23
CID-5319,Shannon,Farrell,cstevens@example.org,+1-342-976-2467,"Spencer, Ryan and Harrison",2023-03-04
CID-9423,Jessica,Dodson,katherine83@example.org,+1-203-635-4216x89421,Bryant-Meyer,2024-10-16
CID-5146,Jason,Lopez,sean20@example.net,+1-493-847-6870x146,Day PLC,2024-06-25
CID-5254,Miguel,Gray,changmegan@example.org,372-314-5868x3390,Ramsey-Jacobs,2023-07-14
CID-5086,Joshua,Hays,andersoncolin@example.com,985-923-9868x00025,Obrien PLC,2024-10-12
CID-9421,Jennifer,Cruz,psanchez@example.net,5163328708,Anderson-Marshall,2023-07-23
CID-5045,Tiffany,Hodges,wallaceheather@example.org,8504455623,Thompson PLC,2023-12-19
CID-5262,Alexis,Dean,clarkmichael@example.com,224-493-2149x587,Ruiz Ltd,2024-04-23
CID-5287,Sara,Mann,robert72@example.org,(448)976-3290,"Clements, Burton and Patton",2023-02-21
CID-5293,Jeffrey,Pennington,robinvillanueva@example.com,3079806867,Allen-Hansen,2023-06-20
CID-5377,Mark,Lee,smithjennifer@example.net,992.484.5679,Taylor Inc,2023-12-24
CID-5012,Emma,Young,davidashley@example.net,+1-509-616-9985x435,Anderson-Brewer,2024-03-08
CID-5121,Jesse,Sullivan,jacobsandoval@example.com,5936796603,"Stokes, Brown and Garcia",2024-07-05
CID-5257,Adam,Jennings,randy99@example.org,(435)957-7027,"Huang, Ford and Olsen",2024-11-05
CID-5171,Alexandria,Hamilton,matthewvalenzuela@example.com,001-732-260-3323x09821,Mcdowell-Scott,2024-06-03
CID-9503,Michele,Campbell,ascott@example.net,001-409-881-8063x5651,"Richards, Green and Herrera",2024-09-13
CID-9586,Stephen,Sanchez,kevinclayton@example.org,+1-801-766-6870x0217,"Madden, Dickson and Jacobson",2023-11-19
CID-5193,Jessica,Lewis,eugenewalker@example.com,612.390.8781,Garcia-Swanson,2024-05-12
CID-9563,Mariah,Keller,rfuller@example.net,+1-305-809-7592x30450,Ross and Sons,2023-09-10
CID-9401,Jill,Taylor,anthonydavies@example.org,261.884.7870x0505,Lewis Ltd,2023-03-19
CID-9572,Philip,Brewer,thomaskayla@example.org,+1-917-441-0119x470,"Bowman, Fitzpatrick and Ortega",2023-10-13
CID-5397,Heather,Copeland,myerskyle@example.org,+1-200-263-3533x106,Hoover-Frazier,2023-09-28
CID-5248,April,Foster,grantzachary@example.net,8346764472,"Ellison, Vaughn and Mckee",2024-08-07
CID-5363,Angel,Mccoy,ann18@example.org,298.390.9837,"Mayer, White and Smith",2024-04-13
CID-5186,Molly,Greer,kari89@example.org,001-634-472-1228x16064,Silva LLC,2023-11-11
CID-5048,Katrina,Becker,courtneyberger@example.net,7478095214,Gonzalez PLC,2023-02-14
CID-9458,Jennifer,Rodriguez,jacobconrad@example.com,973.951.6091,"Lawrence, Gordon and Maynard",2023-11-28
CID-5384,Calvin,Romero,victor72@example.com,001-558-577-7496x903,Roy-Foster,2024-07-10
CID-9403,Ruth,Flores,duncandavid@example.net,6237806174,Tran Inc,2024-03-08
CID-5157,Mike,Griffin,scott43@example.com,001-502-211-5869,Cardenas-Barnes,2023-04-25
CID-5183,Shawn,Anderson,vmorrison@example.net,785-383-3394x5228,Hart-Aguilar,2023-01-20
CID-9566,Laura,Lee,ubenson@example.net,(930)599-3842x53042,"Miller, Ruiz and Alvarado",2024-03-24
CID-5372,Vincent,Jackson,donnaknight@example.net,+1-692-519-2124x938,"Johnson, Booker and Byrd",2024-07-04
CID-5032,Michael,Chavez,john13@example.com,682-333-7498,Phillips LLC,2023-06-13
CID-9420,Aaron,Sandoval,dalton83@example.com,302.441.0386x5719,"Wilkins, Jones and Bradley",2023-03-07
CID-9562,Edward,Shaffer,roberttaylor@example.net,685.974.4890x61203,"Davis, Garner and Green",2024-01-18
CID-5178,Darlene,Hernandez,smithsarah@example.net,872.817.5354x0838,Miller Group,2024-06-27
CID-9489,Terri,Taylor,carrie37@example.com,(665)847-9356,Wilson-Elliott,2023-05-27
CID-5197,William,Sanders,batesmelanie@example.net,+1-928-527-2299x27503,Baker and Sons,2023-05-12
CID-5252,Jay,Keller,fortiz@example.net,+1-703-284-9830x220,Nash Ltd,2024-04-29
CID-5269,Julian,Johnson,zpark@example.net,866-466-8327x23865,Bright-Santiago,2024-02-17
CID-5212,Emma,Alvarado,duranamber@example.org,459.257.9472x8463,"Lloyd, Mendoza and Fernandez",2024-02-13
CID-5017,Nicole,Johnson,kimberly63@example.com,(616)507-3375,Johnson and Sons,2023-08-27
CID-5075,Justin,Atkins,glennmartin@example.org,(366)876-5277x584,Jordan and Sons,2023-06-16
CID-9548,Jessica,Fuentes,joelthomas@example.org,(992)712-7799,"Stewart, Gonzales and Harrison",2023-02-16
CID-5049,Nancy,Diaz,maria47@example.com,001-651-371-2368x5160,Richardson-Curry,2024-04-15
CID-5320,Anna,Moore,myerstroy@example.com,+1-254-750-0902x559,Davis-Reed,2023-11-18
CID-5304,James,Stewart,kerrmichael@example.org,001-365-565-0455x478,"Barron, Figueroa and Perry",2023-09-29
CID-5209,Shawn,Powell,greenrichard@example.org,+1-618-945-1848,Hart-Carrillo,2023-07-25
CID-5256,Colleen,Wilson,laurenduarte@example.com,3556830344,Hunter-Nguyen,2023-04-10
CID-9564,Tony,Rivera,emilyyoung@example.com,+1-713-757-7594x929,Jackson-Edwards,2023-03-12
CID-5231,Diana,Hebert,mcdonalddanielle@example.com,+1-665-309-4801,Yu Inc,2023-03-14
CID-5134,Brittney,Rice,hatfieldsarah@example.org,(596)258-2710x9104,Fry Group,2023-04-23
CID-9445,Justin,Atkins,glennmartin@example.org,(366)876-5277x584,Jordan and Sons,2023-06-16
CID-5263,Brent,Reyes,simmonsharold@example.net,001-979-454-5381,Hess Ltd,2023-02-25
CID-5196,Jessica,Mcclain,hessbeth@example.net,808.548.8725,"Quinn, Carter and Marshall",2023-05-09
CID-9471,Mark,Lee,smithjennifer@example.net,992.484.5679,Taylor Inc,2023-12-24
CID-5095,Jennifer,Smith,heather01@example.com,426-984-1459x3327,"Zhang, Brooks and Miles",2024-12-05
CID-5290,Bethany,Barnes,jerry15@example.org,936-236-3179,Thomas-Reilly,2023-01-16
CID-5354,Robert,Ortiz,hcrane@example.net,(807)220-8115x562,Malone-Keller,2024-11-16
CID-5028,Tamara,Higgins,tamirodriguez@example.org,296-763-1931x4919,"Patterson, Wood and Hunter",2024-04-04
CID-5011,Justin,Horton,smoore@example.org,4982050097,"Miller, Lopez and Larson",2024-08-27
CID-5373,Christina,Becker,bsmith@example.net,+1-205-666-4187x75803,Patel-Stewart,2023-08-07
CID-5087,Donald,Velazquez,francisco94@example.net,688-287-9470x55169,"Wells, Coffey and Patton",2023-06-25
CID-5001,Lisa,Smith,helenpeterson@example.org,651.216.1559,"Stevens, Martinez and Nielsen",2023-04-25
CID-9414,Jennifer,Martin,davisjasmin@example.net,(718)468-9268x602,Melton and Sons,2024-04-29
CID-5039,Elaine,Morales,gibsonleonard@example.com,768-908-7603,"Ramos, Williams and Adams",2023-12-11
CID-5170,Jessica,Dodson,katherine83@example.org,+1-203-635-4216x89421,Bryant-Meyer,2024-10-16
CID-5378,Bruce,Collins,ppalmer@example.com,498-222-7495x4508,Hunter PLC,2023-03-12
CID-5030,Joshua,Hayes,qhudson@example.com,207-552-7354x54948,Allen Group,2023-10-12
CID-9573,Danielle,Johnson,john21@example.net,001-581-896-0013x3890,Cole LLC,2024-10-16
CID-5107,Brandon,Smith,meganhall@example.net,(903)987-5099,Smith PLC,2023-08-05
CID-5003,Sharon,Wong,amandasanchez@example.com,(748)535-0305x6413,"Porter, Wilkerson and Day",2023-10-09
CID-5187,Adam,Owens,billmcfarland@example.net,5944798515,"Jones, Wagner and Perry",2023-09-03
CID-5062,Tammy,Jackson,xcollier@example.org,(313)369-6816x45352,"Hicks, Bullock and Bailey",2023-03-13
CID-5295,Jackson,Savage,apadilla@example.net,565-380-4649,"Gilmore, Fitzgerald and Brown",2024-05-12
CID-5106,Noah,Whitaker,rpierce@example.com,277-272-5228x728,Landry Ltd,2023-03-09
CID-5234,Jessica,Bird,holmesvictoria@example.com,4433350488,Stevens and Sons,2023-03-02
CID-5016,Rebecca,Gardner,brandi26@example.org,8454053315,Hancock and Sons,2023-08-12
CID-5070,Angela,Garcia,mitchellkathryn@example.com,782.561.3750x606,Vang-Brooks,2024-01-25
CID-5034,Travis,Ray,hernandezlisa@example.com,831-986-9993,Evans-Chapman,2024-03-08
CID-5334,Margaret,Snyder,jenniferlee@example.com,476-226-3934x3626,Cherry-Young,2023-03-11
CID-9459,Michael,Thompson,avaldez@example.com,573.814.9501,Saunders-Porter,2023-04-20
CID-5298,Shannon,Richardson,lopeznicole@example.org,462-941-1241,Golden PLC,2024-02-15
CID-5056,Melissa,Curtis,russellbeasley@example.com,376-361-5654x52711,Davis-Rodgers,2024-10-05
CID-5130,Christopher,Beck,brettgarrett@example.net,001-936-211-0371x293,Dominguez Inc,2024-06-05
CID-9576,Brandon,Smith,meganhall@example.net,(903)987-5099,Smith PLC,2023-08-05
CID-5096,Roberta,Todd,kathleenbecker@example.net,587-485-1910,Murphy PLC,2024-07-24
CID-9549,Susan,Oliver,aaronmahoney@example.com,394-665-3984x028,Foster Inc,2024-09-28
CID-5314,Thomas,Wolfe,scottrosario@example.org,(466)938-3615x171,Bush-Hawkins,2023-10-31
CID-5066,Kim,Shelton,mccormickdeborah@example.org,818-464-4925x19254,"Fletcher, Miller and Hansen",2023-10-24
CID-5024,Amber,Taylor,patrickhernandez@example.org,866-858-7603,"Shah, Smith and Gilmore",2024-12-19
CID-5163,James,Richardson,owagner@example.org,+1-603-357-9727x98552,Johnson-Williams,2023-09-27
CID-9546,Ashley,Aguilar,buckleyanna@example.org,885-464-6799x7024,"Franklin, Steele and Williams",2023-06-11
CID-9416,Anthony,Long,millerroy@example.com,(804)665-3755,King-Miller,2024-03-05
CID-5204,Michele,Campbell,ascott@example.net,001-409-881-8063x5651,"Richards, Green and Herrera",2024-09-13
CID-5148,Alyssa,Wang,terrigarcia@example.net,448.503.9652,"Stewart, Rojas and Howard",2024-07-20
CID-5173,Craig,Meyer,robertroach@example.net,001-791-841-1739x3483,Martin-Kelley,2023-07-23
CID-5396,Mckenzie,Jackson,lawsongregory@example.org,+1-462-510-4275,"Johnson, Leonard and Robinson",2023-05-18
CID-9449,Mike,Griffin,scott43@example.com,001-502-211-5869,Cardenas-Barnes,2023-04-25
CID-9500,Laurie,West,hwest@example.com,001-501-966-0880x1994,Cox-Brown,2023-01-01
CID-9532,Carl,Clark,bmueller@example.net,983-421-9719x97581,Blanchard-Jones,2024-10-23
CID-9426,John,Hernandez,sanchezmargaret@example.com,486.260.3242x0448,"Tucker, Smith and Heath",2024-06-27
CID-5300,Meagan,Wallace,ashley42@example.com,475.440.2547,"Nichols, White and Thompson",2023-06-18
CID-5323,Charles,Jefferson,karlwilliams@example.net,(839)519-1954x1987,Flynn-Pearson,2024-08-21
CID-5302,Theresa,Ferguson,knapprichard@example.com,001-927-752-0885x47492,"Rodriguez, Mendoza and Williams",2023-01-03
CID-5379,Michele,Henderson,tiffanydavidson@example.org,753-677-9599,Murphy-Garcia,2023-09-08
CID-5164,Melissa,Chan,mercedesholland@example.net,246.580.0722,Franklin-Hahn,2024-05-27
CID-5080,Cheryl,Miller,raymond78@example.com,001-469-412-5177x85289,Shaw-Oneill,2023-10-01
CID-5022,Jennifer,Cruz,psanchez@example.net,5163328708,Anderson-Marshall,2023-07-23
CID-5206,Jerry,Logan,craigromero@example.com,+1-890-326-0127,Baker LLC,2023-08-05
CID-9553,John,Wise,ndavis@example.org,(764)521-4764x9251,Griffin-Hughes,2024-08-15
CID-9474,Joseph,Burke,avilalisa@example.net,(466)910-8573,"Soto, Warren and Roberts",2024-08-31
CID-5182,Adam,Fitzgerald,eroberson@example.net,001-529-622-1699x58669,Stuart-Waller,2024-05-15
CID-5355,Darlene,Orr,levinetina@example.net,946.568.4550x48926,"Weber, Montgomery and Ramos",2023-11-18
CID-5105,Jennifer,Gill,robin55@example.com,8936204899,Gonzalez and Sons,2023-10-02
CID-9504,Joanne,Wallace,cruiz@example.net,834.896.0501,Mclaughlin-Larson,2024-11-04
CID-9589,Ryan,Garcia,hansenkenneth@example.com,(319)763-9907x6769,"Pace, Logan and Gibson",2023-05-16
CID-5270,Dennis,Jones,thomasnicole@example.net,(921)826-7969x27868,Perez-Coleman,2023-12-14
CID-5352,Sydney,Campos,harringtonchelsea@example.org,+1-608-912-1352,"Jimenez, Harrell and Moore",2023-09-25
CID-9433,Julie,Meyer,lgutierrez@example.org,(334)913-2611,"Brown, Wise and Warren",2024-04-07
CID-5218,Julie,Meyer,lgutierrez@example.org,(334)913-2611,"Brown, Wise and Warren",2024-04-07
CID-5089,Thomas,Charles,thorntonapril@example.net,578-565-2785x85497,Grant-Walker,2023-09-08
CID-9404,Jorge,Ewing,cranemelissa@example.net,001-883-717-1210x0323,"Mccoy, Newman and Aguilar",2024-09-02
CID-9560,Edward,Brown,shepherdmary@example.net,482-703-7788,Hardin-Hughes,2023-08-22
CID-5365,Gary,Thomas,kayla24@example.com,+1-720-695-2004x61526,David-Lam,2023-03-16
CID-9439,Amy,Morris,murphykenneth@example.com,+1-362-875-7059x640,Palmer-Brady,2024-01-15
CID-5046,Monica,Harvey,tyleraguilar@example.org,647.840.7482x175,"Wright, Bruce and Gonzalez",2024-09-10
CID-5071,Anthony,Galvan,lacey20@example.com,827.379.0104x3289,Young-Martinez,2023-10-12
CID-9422,Lisa,Smith,helenpeterson@example.org,651.216.1559,"Stevens, Martinez and Nielsen",2023-04-25
CID-9508,Jason,Barnes,eric45@example.net,+1-910-822-9014x767,Lewis-Hunt,2024-08-14
CID-5214,Matthew,White,sclark@example.com,(864)872-9293x143,Thomas Ltd,2024-10-27
CID-5369,Maria,Hardy,natalie39@example.net,254-974-3553x79502,Valenzuela Ltd,2024-07-30
CID-5168,Melissa,Ruiz,kennedyjames@example.org,+1-768-446-0223x56972,Freeman Ltd,2024-10-02
CID-5200,Timothy,Mendoza,brittanyholland@example.com,2304299228,Jackson and Sons,2024-07-16
CID-5190,Mary,Harris,elucas@example.net,+1-520-675-0110x24819,Hughes-Mccoy,2024-08-03
CID-5341,John,Wise,ndavis@example.org,(764)521-4764x9251,Griffin-Hughes,2024-08-15
CID-9587,Brooke,Miller,gsmall@example.net,001-340-694-3533x44857,Moore Inc,2024-02-25
CID-5147,John,Mcknight,mayokimberly@example.com,587.259.8564x2059,Brown-Frey,2023-09-15
CID-5376,Ryan,Garcia,hansenkenneth@example.com,(319)763-9907x6769,"Pace, Logan and Gibson",2023-05-16
CID-9447,Edward,Brown,shepherdmary@example.net,482-703-7788,Hardin-Hughes,2023-08-22
CID-5277,Breanna,Murray,jessicachapman@example.org,752.558.0010x61817,"Campbell, Lee and Johnson",2023-05-24
CID-5280,Philip,Brewer,thomaskayla@example.org,+1-917-441-0119x470,"Bowman, Fitzpatrick and Ortega",2023-10-13
CID-9440,Shawn,Carney,qschwartz@example.com,921-340-6650x442,Krause-Gonzalez,2023-07-07
CID-9567,Thomas,Charles,thorntonapril@example.net,578-565-2785x85497,Grant-Walker,2023-09-08
CID-5299,Stephanie,Johnson,imontes@example.org,756.770.4310x3856,Watkins-Terry,2023-03-02
CID-9448,Thomas,Santana,donnacampbell@example.net,+1-395-913-4332x0037,Mercado-Johnston,2024-07-28
CID-5153,Danielle,Tanner,nsmith@example.org,001-915-841-0067x626,Payne-Garcia,2024-07-03
CID-5226,Paige,Boyer,teresayoung@example.com,702-349-1630x09792,Moore Inc,2024-07-21
CID-5348,Angela,Roberts,gross@example.net,001-897-930-8069x5814,Simpson Ltd,2024-08-20
CID-9451,David,Fisher,lbyrd@example.net,001-746-980-4436,Ramos-Lewis,2023-01-28
CID-9431,Deborah,Diaz,christopher74@example.net,728.906.3461,Mcclure Group,2023-09-13
CID-5308,Nathaniel,Quinn,brucefrancisco@example.org,(857)725-2045,Roberts PLC,2024-12-14
CID-9487,Laurie,West,hwest@example.com,001-501-966-0880x1994,Cox-Brown,2023-01-01
CID-5103,Deborah,Nielsen,christopher30@example.com,(299)501-3983x7354,Hayden Inc,2023-11-20
CID-5261,Brooke,Miller,gsmall@example.net,001-340-694-3533x44857,Moore Inc,2024-02-25
CID-5216,Michael,Grant,maurice61@example.com,+1-893-699-8245x58771,Welch-Thomas,2024-03-24
CID-5119,Jeffrey,Burgess,seanmyers@example.net,001-382-350-7146,"Thomas, Collins and Gibson",2023-09-10
CID-5031,Tracy,Chang,fbrewer@example.com,9147363495,Barajas-Pierce,2023-01-07
CID-5112,Nicholas,Lopez,nmiller@example.com,711.342.6265,Smith LLC,2024-05-26
CID-5210,Katherine,Ali,lmaldonado@example.org,614.516.3356x5880,Davis-Nunez,2024-12-31
CID-9505,William,York,johnathan94@example.com,901-492-9275x243,"Atkins, Cooper and Miller",2023-07-14
CID-5388,Raymond,Perez,thomasblack@example.net,001-777-451-5366x37780,"Russo, Torres and Rojas",2024-10-31
CID-9502,Rebecca,Moore,sandra84@example.com,(318)223-0768,Randolph-Mcdaniel,2024-03-09
CID-9490,Kimberly,Hardy,ashleyjackson@example.com,(824)644-7212,Evans-Patton,2024-10-20
CID-9485,Emily,Floyd,heather62@example.com,(428)873-3427x0866,Scott LLC,2023-02-02
CID-9557,Michael,Cain,trowe@example.org,3856628843,"Peterson, Reid and Johnson",2023-09-02
CID-5036,Justin,Heath,mcdanielsandra@example.net,001-336-218-3242,Sparks PLC,2023-10-12
CID-5068,William,Fernandez,stanleynancy@example.net,(296)822-2927,Rhodes-Young,2023-08-27
CID-9413,Sarah,Brown,annette58@example.net,7398551240,"Ferguson, Martin and Obrien",2024-03-17
CID-9415,Nicole,Davis,heather57@example.com,790-617-5186x36374,Kelley-Anderson,2023-08-13
CID-5335,Shannon,Wright,emiller@example.org,963-766-9411x80053,"Crosby, Coffey and George",2024-11-22
CID-5139,Ruth,Flores,duncandavid@example.net,6237806174,Tran Inc,2024-03-08
CID-9512,William,Fuller,zhenderson@example.org,+1-788-892-4141x8328,"Walters, Davenport and Becker",2023-06-06
CID-5349,Michael,Terry,martinjessica@example.com,(873)783-9597x246,Marsh-Richard,2024-08-01
CID-5050,Jose,James,daniel37@example.org,+1-285-693-1746x120,Wilson-Young,2024-07-03
CID-5227,Gina,Morgan,browndeanna@example.net,+1-512-273-5857,"Gray, Ramsey and King",2023-08-24
CID-5241,Kristina,Williamson,marshallsierra@example.org,(345)410-4636x8157,Mason Group,2023-09-01
CID-5381,Michael,Jones,spencerdouglas@example.com,595.600.3342,"Thompson, Abbott and Sanchez",2023-10-19
CID-9495,Melissa,Ruiz,kennedyjames@example.org,+1-768-446-0223x56972,Freeman Ltd,2024-10-02
CID-5228,Benjamin,Mann,amy73@example.net,(385)457-4982,Phillips-Baker,2024-08-25
CID-9529,Mary,Bass,kathleenwagner@example.com,001-277-925-1996x63658,"Ramirez, Davis and Martin",2023-11-04
CID-5175,Morgan,Phelps,laurie56@example.net,610-302-2557,Briggs-White,2024-01-18
CID-5018,Raymond,Ramirez,rasmussenjoshua@example.net,768.750.1429x40196,Obrien-Dixon,2024-06-01
CID-5359,Maria,Miller,colemandavid@example.org,815.986.9886x497,"Galvan, Burns and Mcpherson",2023-05-15
CID-9558,Eric,Fry,lbanks@example.net,+1-495-439-2644,"Smith, Miles and Berry",2023-04-28
CID-5072,John,Fowler,fbrown@example.net,+1-708-593-2460,"Butler, Beck and Miller",2024-04-09
CID-9437,Brenda,Smith,barbara27@example.net,+1-374-429-6717x5655,Jenkins-Simpson,2023-08-09
CID-5073,Theresa,Jones,myerstheodore@example.net,(754)705-1531x9520,"Thompson, Maxwell and Marshall",2024-10-12
CID-5059,Jason,Barnes,eric45@example.net,+1-910-822-9014x767,Lewis-Hunt,2024-08-14
CID-5328,Breanna,Price,selenarobinson@example.org,(734)376-4907,Gardner-Wells,2023-02-28
CID-9590,Joshua,Hays,andersoncolin@example.com,985-923-9868x00025,Obrien PLC,2024-10-12
CID-5120,Jamie,Webb,udavis@example.net,451.440.1051x238,Castro-Mullen,2024-07-28
CID-9411,Kevin,Brock,ualvarado@example.org,(964)698-7820x82973,"Patel, Mendez and Hammond",2024-05-03
CID-5316,Christopher,Thomas,gneal@example.net,(515)835-3961,"Porter, Hubbard and Miranda",2023-03-01
CID-5246,Dennis,Mathis,xjoseph@example.org,(577)522-3306x0463,Thompson Group,2024-07-06
CID-5104,Julie,Webster,heatherpadilla@example.com,685.746.7854,"Andrade, Owens and Lang",2024-02-15
CID-5000,Danielle,Johnson,john21@example.net,001-581-896-0013x3890,Cole LLC,2024-10-16
CID-5286,Glenn,Brown,donald62@example.net,(282)973-9021x962,Smith and Sons,2023-04-11
CID-5019,Paul,Ray,bradley60@example.net,+1-635-661-5951,"Ortiz, Powell and Phillips",2024-09-08
CID-9410,Eric,Clayton,romanmatthew@example.org,+1-431-383-7455x084,"Williams, Shah and Lloyd",2023-11-20
CID-5364,Kristin,Sanchez,imiller@example.net,669-307-0562x60856,Petty PLC,2023-11-20
CID-5368,Susan,Oliver,aaronmahoney@example.com,394-665-3984x028,Foster Inc,2024-09-28
CID-5040,David,Roberts,omartinez@example.net,324.980.8613,Holland and Sons,2023-04-15
CID-9454,Michael,Terry,martinjessica@example.com,(873)783-9597x246,Marsh-Richard,2024-08-01
CID-5313,Michael,Davis,stacy55@example.org,293.389.1190x83342,Knapp Ltd,2023-07-14
CID-5067,Dawn,Murphy,elizabethcalderon@example.net,+1-581-468-5054x23573,Jones Inc,2023-03-23
CID-9565,James,Cabrera,micheleclark@example.net,(936)883-1472,Wilson and Sons,2024-03-05
CID-5160,Ashley,Aguilar,buckleyanna@example.org,885-464-6799x7024,"Franklin, Steele and Williams",2023-06-11
CID-5053,Kristina,Carlson,michele22@example.net,621-202-0539x502,Harmon PLC,2023-03-22
CID-5195,Kristen,Joseph,xhill@example.org,+1-457-577-5478x12914,Gross-Sims,2024-06-29
CID-9483,Kevin,Ruiz,jason83@example.org,+1-284-687-9206,Brown and Sons,2024-06-10
CID-5394,Amanda,Estrada,wolfejennifer@example.org,568.215.1185x6724,Johnson-Fowler,2024-11-10
CID-5309,Danielle,Jones,katiewhite@example.org,+1-428-255-4451x895,Holmes LLC,2024-07-23
CID-9452,Shawn,Anderson,vmorrison@example.net,785-383-3394x5228,Hart-Aguilar,2023-01-20
CID-5340,Mariah,Keller,rfuller@example.net,+1-305-809-7592x30450,Ross and Sons,2023-09-10
CID-9462,Brittney,Avila,qkelly@example.net,(278)342-7114x7732,"Brown, Jones and Gregory",2024-08-16
CID-5380,Nancy,Lozano,arobinson@example.net,537.893.3756,Mckenzie Inc,2024-01-14
CID-9580,Shannon,Wright,emiller@example.org,963-766-9411x80053,"Crosby, Coffey and George",2024-11-22
CID-5326,John,Hernandez,sanchezmargaret@example.com,486.260.3242x0448,"Tucker, Smith and Heath",2024-06-27
CID-5220,Stacy,Ryan,owelch@example.net,(488)645-7831x74564,Smith and Sons,2023-09-11
CID-5260,Rebecca,Moore,sandra84@example.com,(318)223-0768,Randolph-Mcdaniel,2024-03-09
CID-9463,Laura,Lee,ubenson@example.net,(930)599-3842x53042,"Miller, Ruiz and Alvarado",2024-03-24
CID-5311,Michael,Vazquez,lisapreston@example.net,352.840.1322x34232,"Hines, Rodriguez and Smith",2024-05-13
CID-5115,Michael,Raymond,mwheeler@example.com,924-706-5965,Ochoa-Villarreal,2024-04-14
CID-9492,Bradley,Anderson,julie64@example.com,+1-548-456-2572x870,Hall Inc,2024-02-18
CID-9482,Paul,Ray,bradley60@example.net,+1-635-661-5951,"Ortiz, Powell and Phillips",2024-09-08
CID-5198,Brad,Clark,paul70@example.org,+1-351-684-4989x2665,Kaufman-Walker,2024-11-06
CID-5057,Lisa,Hawkins,elizabeth65@example.net,001-360-749-4519x83273,"Richardson, Farmer and Andrews",2024-09-25
CID-5158,Amanda,Camacho,parmstrong@example.com,416-508-9899x2172,Martinez Group,2023-10-28
CID-5202,Matthew,Chavez,hallpaul@example.org,9382862912,"Gordon, Wilson and Olson",2023-09-29
CID-5152,Melissa,Townsend,whitelucas@example.net,791.472.5135,"Mcclure, Davis and Fletcher",2024-11-29
CID-9579,Kimberly,Jenkins,curtismoore@example.org,389.388.8167,Mclean Group,2024-11-08
CID-5213,Wayne,Long,stephenmartinez@example.net,450.603.6915x594,Adams PLC,2024-11-18
CID-5060,Michael,Rodriguez,trose@example.org,669.600.3432,Wilson-Jimenez,2023-07-16
CID-5127,Mario,Padilla,ashley81@example.org,001-660-842-2325x36729,Hayes-Schultz,2024-01-06
CID-9406,Brandon,Smith,meganhall@example.net,(903)987-5099,Smith PLC,2023-08-05
CID-5155,Pamela,Moore,riveraterri@example.com,001-988-444-4310x698,Ward Group,2024-10-18
CID-5076,Amy,Morris,murphykenneth@example.com,+1-362-875-7059x640,Palmer-Brady,2024-01-15
CID-5077,Ernest,Johnson,ejohnson@example.org,001-455-769-0927x55719,Edwards-Ramirez,2023-12-30
CID-5282,Deborah,Diaz,christopher74@example.net,728.906.3461,Mcclure Group,2023-09-13
CID-5037,Kaitlyn,Carroll,scott74@example.net,(248)387-7190x6594,Hayden PLC,2023-06-09
CID-9515,Scott,Martin,achandler@example.org,001-391-823-4785,Smith Ltd,2024-04-10
CID-5205,Annette,Carr,afischer@example.net,+1-772-858-8744,"Taylor, Shields and Wilson",2024-03-09
CID-5033,Harry,Smith,joshuamccann@example.net,627-910-9477x7520,Short Group,2024-12-15
CID-9428,Sandra,Williams,millerstacy@example.net,839-669-0784x473,Jones-Brown,2024-11-30
CID-9552,Amanda,Camacho,parmstrong@example.com,416-508-9899x2172,Martinez Group,2023-10-28
CID-9468,Lori,Jones,thomasgomez@example.net,723-473-3343x333,Wilson Inc,2023-11-16
CID-9461,Aaron,Moore,kimberly56@example.com,001-738-701-1848,Perez-Mccarty,2024-12-07
CID-5301,Jean,Conway,evanwilson@example.com,001-727-745-2380,Watson PLC,2024-01-24
CID-9418,Kevin,Brock,ualvarado@example.org,(964)698-7820x82973,"Patel, Mendez and Hammond",2024-05-03
CID-9518,Christina,Becker,bsmith@example.net,+1-205-666-4187x75803,Patel-Stewart,2023-08-07
CID-5245,Patricia,Mahoney,edwin31@example.org,(509)594-9993,"Johnson, Miller and Chan",2023-08-08
CID-9465,Jesse,Sullivan,jacobsandoval@example.com,5936796603,"Stokes, Brown and Garcia",2024-07-05
CID-5145,Jonathan,Hess,osbornjames@example.net,921.251.0702x966,Vega-Thompson,2024-04-24
CID-9568,Billy,Murphy,cruzstephen@example.net,973-386-4631x7520,Kim-Barrett,2023-08-11
CID-9507,Jade,Carr,contrerasangela@example.net,524-711-8244,Watts LLC,2023-01-31
CID-5391,Alice,Gibson,april25@example.com,(821)928-6716x3234,Munoz LLC,2024-11-14
CID-5285,Stephen,Jackson,meyersdaniel@example.com,+1-493-713-6565x198,Duran PLC,2024-07-17
CID-5149,Brittany,Warner,stacey92@example.net,578.542.7010,Fox Inc,2023-01-12
CID-5027,Andrew,Ryan,jeffrey10@example.org,530.992.3271,"Scott, Wood and Obrien",2023-08-14
CID-5023,Amanda,Hansen,stephanie79@example.net,968.372.7743x48734,"Mitchell, Nelson and Flores",2024-10-27
CID-5140,Miguel,Carter,jodi37@example.com,001-573-783-2060,"Franco, Wiley and Tapia",2024-09-02
CID-9444,Deborah,Diaz,christopher74@example.net,728.906.3461,Mcclure Group,2023-09-13
CID-9498,Emma,Murray,julie36@example.org,3415257771,"Dodson, Taylor and Hoover",2023-04-17
CID-5007,Tamara,Hickman,jenniferross@example.net,+1-557-587-1331x5098,Jones Ltd,2023-04-15
CID-9405,Danielle,Jones,katiewhite@example.org,+1-428-255-4451x895,Holmes LLC,2024-07-23
CID-5091,Julie,Lewis,sarah42@example.org,+1-993-330-8330x165,"Townsend, Smith and Pierce",2024-04-18
CID-5184,Sherri,Mckinney,natalie60@example.net,606-620-0342,Franco Ltd,2023-04-25
CID-5116,Terri,Taylor,carrie37@example.com,(665)847-9356,Wilson-Elliott,2023-05-27
CID-9582,David,Taylor,tonypearson@example.org,+1-398-333-1465,"Gutierrez, Diaz and Lee",2023-12-05
CID-5099,Nicholas,Vega,desireebailey@example.org,+1-868-823-0047,Wright LLC,2023-11-29
CID-9574,Pamela,Moore,riveraterri@example.com,001-988-444-4310x698,Ward Group,2024-10-18
CID-5144,Jorge,Ewing,cranemelissa@example.net,001-883-717-1210x0323,"Mccoy, Newman and Aguilar",2024-09-02
CID-5268,Leslie,Hudson,samantha65@example.org,001-209-286-2405,"Castro, Irwin and Rodriguez",2023-03-04
CID-9545,Shannon,Farrell,cstevens@example.org,+1-342-976-2467,"Spencer, Ryan and Harrison",2023-03-04
CID-5371,Jeffrey,Smith,erin53@example.org,+1-543-837-5047x930,Kane PLC,2023-03-17
CID-5110,Samantha,Hall,enelson@example.net,689-402-5039x261,"Allen, Davenport and Price",2023-08-06
CID-5344,Ashley,King,brenda80@example.org,001-672-726-0164x5977,Clark Inc,2024-09-26
CID-5094,Ashley,Todd,cherylfowler@example.com,(585)916-1227x53046,Finley-Turner,2024-10-17
CID-5274,William,York,johnathan94@example.com,901-492-9275x243,"Atkins, Cooper and Miller",2023-07-14
CID-5306,Robin,Perry,wpage@example.org,626.948.7049,"Singh, Walker and Moody",2023-10-20
CID-5161,Pamela,Rivera,brandonalvarez@example.com,(705)644-4713x247,"Butler, Brewer and Lopez",2024-04-09
CID-5098,Jeffery,Jones,ecooper@example.net,7178046226,Kane-Knox,2024-12-02
CID-9402,Sean,Miller,elizabeth18@example.net,742-725-8313x2370,Lara-Arnold,2024-11-17
CID-5118,Carla,Aguilar,ystephens@example.com,001-789-811-3529x096,Smith LLC,2023-05-23
CID-5128,Nicole,Davis,heather57@example.com,790-617-5186x36374,Kelley-Anderson,2023-08-13
CID-5322,Joseph,Dominguez,odomnicholas@example.com,891-571-3578x52945,Reid-Dickson,2023-02-21
CID-5374,Philip,Cook,mooneyjeremiah@example.net,(713)632-5411x07609,Rodriguez and Sons,2024-06-02
CID-9478,Marie,Holmes,fred53@example.com,441.443.8424x98182,"Weber, Winters and Morgan",2024-12-19
CID-9577,Stacy,Ryan,owelch@example.net,(488)645-7831x74564,Smith and Sons,2023-09-11
CID-5169,Valerie,Edwards,smithjoshua@example.org,001-827-912-9666,Smith-Ferguson,2023-11-02
CID-9551,Jacob,Wilson,janet50@example.com,(517)335-7438x42150,Hunter-Lloyd,2023-12-29
CID-5217,Gary,Morton,robert99@example.com,812-653-5544,Norman-Mcmillan,2024-06-13
CID-5176,Richard,Rivers,mary76@example.net,(912)402-1697,"James, Howard and Johnson",2023-06-15
CID-5271,Adrian,Jimenez,jenniferadams@example.net,001-950-309-7519,Cross PLC,2023-04-22
CID-9555,Amanda,Glover,william28@example.org,817-724-8251x3534,Green-Carter,2023-04-19
CID-9559,Jill,Taylor,anthonydavies@example.org,261.884.7870x0505,Lewis Ltd,2023-03-19
CID-9434,Sara,Mann,robert72@example.org,(448)976-3290,"Clements, Burton and Patton",2023-02-21
CID-5297,Betty,Haley,karenhodges@example.com,(348)964-0155x778,"Patel, Bryan and Lam",2023-08-07
CID-9538,Samuel,Solomon,ievans@example.net,838-864-9081x0818,Marshall Ltd,2023-02-10
CID-5361,Kevin,Brooks,todd22@example.net,(904)643-2701x85106,"Chavez, Morgan and Bennett",2024-10-22
CID-9585,Julie,Munoz,hamiltonandrew@example.com,702-877-6974,Miller-Taylor,2023-03-25
CID-5113,Sean,Juarez,andersonjacob@example.com,+1-388-761-0158,Smith-Gutierrez,2024-02-10
CID-9595,Anna,Alvarado,brandybonilla@example.net,001-392-761-3715x04165,Johnson Group,2024-08-06
CID-9593,Jonathan,Hess,osbornjames@example.net,921.251.0702x966,Vega-Thompson,2024-04-24
CID-5008,Brian,Jones,heathchad@example.org,373-382-9973x763,"Jordan, Henderson and Owens",2024-11-23
CID-5229,Michael,Smith,bgross@example.net,(693)751-8638x782,Davidson-Rodriguez,2023-08-14
CID-5251,Kayla,Williams,kyle74@example.net,(912)930-9407,"Aguirre, Franklin and Snyder",2023-09-06
CID-5330,Renee,Long,kevin34@example.org,(875)760-4177,"Henderson, Sellers and Garcia",2023-03-24
CID-5243,Philip,Taylor,rmeyer@example.net,+1-536-439-2649x5782,"Weaver, Mcbride and Huffman",2024-11-16
CID-5337,Bradley,Anderson,julie64@example.com,+1-548-456-2572x870,Hall Inc,2024-02-18
CID-5357,Pamela,Fernandez,john46@example.net,905-648-5101,"Doyle, Chavez and Bird",2023-09-29
CID-5387,Michael,Payne,james54@example.com,001-243-992-8404x4566,"Hunt, Juarez and Hernandez",2024-09-18
CID-5208,Aaron,Moore,kimberly56@example.com,001-738-701-1848,Perez-Mccarty,2024-12-07
CID-5123,John,Wilson,heather86@example.com,+1-629-466-2782x827,Edwards Group,2024-08-21
CID-5043,Janet,Shepherd,ymcneil@example.net,(370)928-9517,Bowen Group,2023-04-10
CID-5097,Scott,Frazier,gdavis@example.com,9726867908,"Johnson, Scott and Smith",2023-08-13
CID-5264,Taylor,Bryant,oruiz@example.org,+1-345-762-5577x017,Murray-Jackson,2024-11-20
CID-9581,Melissa,Chan,mercedesholland@example.net,246.580.0722,Franklin-Hahn,2024-05-27
CID-5284,Elizabeth,Ellis,joycehall@example.org,2274079032,"Williams, Parker and Leon",2024-03-29
CID-9542,Roy,Carroll,lynchjody@example.org,+1-934-612-3281x2067,Hall Ltd,2023-12-15
CID-9521,Kimberly,Jenkins,curtismoore@example.org,389.388.8167,Mclean Group,2024-11-08
CID-5143,Amanda,Oconnell,shannonford@example.org,524-790-3521,Palmer-Byrd,2024-01-26
CID-5390,Amanda,Lopez,murphysuzanne@example.net,812-618-2097x0231,Hall Ltd,2023-01-09
CID-5132,Kaitlin,Gillespie,fheath@example.org,(619)365-6523,Tran PLC,2023-04-04
CID-5181,Jennifer,Rodriguez,jacobconrad@example.com,973.951.6091,"Lawrence, Gordon and Maynard",2023-11-28
CID-9479,Maria,Miller,colemandavid@example.org,815.986.9886x497,"Galvan, Burns and Mcpherson",2023-05-15
CID-9583,Paige,Boyer,teresayoung@example.com,702-349-1630x09792,Moore Inc,2024-07-21
CID-9484,Sean,Juarez,andersonjacob@example.com,+1-388-761-0158,Smith-Gutierrez,2024-02-10
CID-5166,Danielle,Hensley,diana43@example.org,230.596.5207x44666,Barber-Walker,2024-06-03
CID-9556,Jerry,Logan,craigromero@example.com,+1-890-326-0127,Baker LLC,2023-08-05
CID-5014,Jade,Carr,contrerasangela@example.net,524-711-8244,Watts LLC,2023-01-31
CID-9476,Mario,Padilla,ashley81@example.org,001-660-842-2325x36729,Hayes-Schultz,2024-01-06
CID-9473,Katherine,Ali,lmaldonado@example.org,614.516.3356x5880,Davis-Nunez,2024-12-31
CID-9442,Daniel,Scott,angel85@example.net,377.504.3581x12880,"Soto, Lewis and Jennings",2023-09-04
CID-5312,Todd,Reynolds,danielmcguire@example.net,001-307-314-0140,"Harris, Santana and Lopez",2023-06-08
CID-5291,Spencer,Hughes,stephenlee@example.com,835-420-9042x177,Robinson-Phillips,2023-04-06
CID-5237,Tasha,Mullins,walkerkeith@example.com,(625)317-9086,Shaw-Ayala,2023-02-02
CID-9584,Paige,Boyer,teresayoung@example.com,702-349-1630x09792,Moore Inc,2024-07-21
CID-9597,Brittney,Avila,qkelly@example.net,(278)342-7114x7732,"Brown, Jones and Gregory",2024-08-16
CID-9472,Jessica,Dodson,katherine83@example.org,+1-203-635-4216x89421,Bryant-Meyer,2024-10-16
CID-5044,Monica,Booker,harrisontanya@example.com,+1-561-658-6578x091,Francis Group,2024-01-03
CID-5125,Jeffrey,Roberts,xcunningham@example.com,+1-281-991-4858,"Robinson, Coleman and Fitzgerald",2024-08-20
CID-5165,Jennifer,Fletcher,rodney65@example.com,637-648-9691x085,"Rodriguez, Brown and Mcneil",2023-07-02
CID-5137,Alexandra,Logan,gary24@example.net,305-964-8149,Dixon-Brown,2023-06-13
CID-9412,William,Fuller,zhenderson@example.org,+1-788-892-4141x8328,"Walters, Davenport and Becker",2023-06-06
CID-5223,Malik,Hernandez,lopezcurtis@example.com,(770)831-2073,Floyd-Jimenez,2023-12-13
CID-9438,Michael,Fuentes,allisonscott@example.com,001-403-875-4821x45653,Taylor Group,2023-07-29
CID-5247,Michelle,Burns,michelle36@example.com,001-909-965-6999x88081,Rich and Sons,2023-05-16
CID-5275,Dustin,Peck,marymullins@example.com,001-863-972-3950x41027,Alvarez-Vaughan,2024-07-03
CID-5315,Billy,Murphy,cruzstephen@example.net,973-386-4631x7520,Kim-Barrett,2023-08-11
CID-5138,Michele,Jackson,jonathangarcia@example.net,+1-213-880-0030x75622,Morris Group,2024-11-27
CID-9455,Mario,Padilla,ashley81@example.org,001-660-842-2325x36729,Hayes-Schultz,2024-01-06
CID-5267,Daniel,Cervantes,pmurphy@example.net,6138290227,"Lane, Gonzalez and Maldonado",2023-04-11
CID-5375,Susan,Wall,april31@example.net,+1-471-279-1100x651,Brown-Bishop,2023-09-29
CID-5090,Teresa,Evans,janet75@example.com,(284)641-9866x524,"Miller, Bradshaw and Douglas",2023-06-17
CID-5222,Peter,Gray,christian38@example.net,001-944-984-6312x241,Graves-Vasquez,2023-03-07
CID-9514,Daniel,Joseph,fjones@example.com,+1-621-924-9985x698,"Jacobs, Garcia and Miles",2023-10-28
CID-5362,Mary,Bass,kathleenwagner@example.com,001-277-925-1996x63658,"Ramirez, Davis and Martin",2023-11-04
CID-5235,Devon,Richardson,jesseshepherd@example.org,001-369-631-5727,Cross PLC,2023-08-23
CID-5325,Ryan,Knight,boydmichael@example.org,624.666.5136,"Martin, Mcdaniel and Young",2024-05-29
CID-5185,Kristen,Harris,howardshaun@example.net,+1-283-286-3840x66658,"King, Oliver and Norman",2024-01-07
CID-5221,Maurice,Harrison,wattstravis@example.com,806-549-3085x3686,Espinoza Ltd,2023-08-19
CID-5054,Daniel,Brown,gstrickland@example.net,278-239-0847,Boone-Simmons,2024-07-19
CID-9592,Janet,Shepherd,ymcneil@example.net,(370)928-9517,Bowen Group,2023-04-10
CID-9469,Emma,Young,davidashley@example.net,+1-509-616-9985x435,Anderson-Brewer,2024-03-08
CID-9523,Jason,Barnes,eric45@example.net,+1-910-822-9014x767,Lewis-Hunt,2024-08-14
CID-5174,Renee,Watts,arivera@example.org,+1-611-997-2181x14374,Garcia and Sons,2023-06-06
CID-5331,Ethan,Green,bellcarrie@example.net,001-357-300-2720x6345,Wright Ltd,2023-07-10
CID-5259,Jacob,Wilson,janet50@example.com,(517)335-7438x42150,Hunter-Lloyd,2023-12-29
CID-9457,Amy,Levine,bruce43@example.org,513.590.0532x931,Murphy and Sons,2024-01-23
CID-5189,Daniel,Scott,angel85@example.net,377.504.3581x12880,"Soto, Lewis and Jennings",2023-09-04
CID-9554,Shawn,Powell,greenrichard@example.org,+1-618-945-1848,Hart-Carrillo,2023-07-25
CID-9524,William,Sanders,batesmelanie@example.net,+1-928-527-2299x27503,Baker and Sons,2023-05-12
CID-5272,Tonya,Terrell,steven18@example.net,737-218-9490,Gibson-Escobar,2023-09-12
CID-5177,Gabrielle,Roberson,timothyfreeman@example.com,301.845.0899x358,"Barber, Olson and Alvarado",2024-07-06
CID-5021,Thomas,Santana,donnacampbell@example.net,+1-395-913-4332x0037,Mercado-Johnston,2024-07-28
CID-9400,Nancy,Lozano,arobinson@example.net,537.893.3756,Mckenzie Inc,2024-01-14
CID-5289,Brian,Diaz,ryancook@example.com,3103822078,Griffith PLC,2024-07-07
CID-5061,Ryan,Anderson,vincentwhitaker@example.com,860-860-7159,"Bowman, Roberts and Sullivan",2024-12-22
CID-5307,Eric,Evans,qmartinez@example.com,(827)630-1471x95979,"Jennings, Mccann and Cardenas",2024-03-09
CID-5350,Christy,Campbell,estradadavid@example.org,(297)216-7433,Ibarra-Kelly,2024-06-19
CID-9541,Stacy,Ryan,owelch@example.net,(488)645-7831x74564,Smith and Sons,2023-09-11
CID-5395,Emma,Murray,julie36@example.org,3415257771,"Dodson, Taylor and Hoover",2023-04-17
CID-5356,Michael,Cain,trowe@example.org,3856628843,"Peterson, Reid and Johnson",2023-09-02
CID-5052,Amy,Levine,bruce43@example.org,513.590.0532x931,Murphy and Sons,2024-01-23
CID-9571,Christopher,Johnson,zarias@example.net,+1-284-590-2770x3843,"Jackson, Johnson and Allen",2024-07-06
CID-5321,Michael,Bell,johnwong@example.net,214-915-2085,"Boyer, Bradley and Valenzuela",2023-02-28
CID-5353,Michael,Fuentes,allisonscott@example.com,001-403-875-4821x45653,Taylor Group,2023-07-29
CID-9494,Michele,Campbell,ascott@example.net,001-409-881-8063x5651,"Richards, Green and Herrera",2024-09-13
CID-5038,Brenda,Smith,barbara27@example.net,+1-374-429-6717x5655,Jenkins-Simpson,2023-08-09
CID-5101,William,Roberts,barbara53@example.com,(483)864-4089,"Simpson, Compton and David",2023-08-23
CID-5366,Brett,Allen,trevorgoodwin@example.com,240-857-8617,"Hall, Mercado and Adams",2023-01-10
CID-9596,Kevin,Brock,ualvarado@example.org,(964)698-7820x82973,"Patel, Mendez and Hammond",2024-05-03
CID-5192,Anthony,Moore,derekmyers@example.net,824-350-8821x0099,Clark-Figueroa,2023-03-29
CID-5346,James,Cabrera,micheleclark@example.net,(936)883-1472,Wilson and Sons,2024-03-05
CID-5294,Alexander,Dennis,davidphillips@example.net,907-942-7990,Sawyer Group,2024-02-21
CID-9535,Susan,Oliver,aaronmahoney@example.com,394-665-3984x028,Foster Inc,2024-09-28
CID-9491,Emma,Young,davidashley@example.net,+1-509-616-9985x435,Anderson-Brewer,2024-03-08
CID-5296,Sierra,Leonard,rodriguezmichael@example.net,7555281832,"Wilson, Mendoza and Crosby",2024-05-07
CID-5055,Daniel,Joseph,fjones@example.com,+1-621-924-9985x698,"Jacobs, Garcia and Miles",2023-10-28
CID-5159,Christian,Vega,wendyburton@example.net,251-816-8685x487,Perry and Sons,2024-03-21
CID-5083,Scott,Washington,matthewthomas@example.net,556-425-8815x37147,Williams Group,2024-10-25
CID-9419,Michael,Grant,maurice61@example.com,+1-893-699-8245x58771,Welch-Thomas,2024-03-24
CID-9511,Betty,Haley,karenhodges@example.com,(348)964-0155x778,"Patel, Bryan and Lam",2023-08-07
CID-9441,Raymond,Ramirez,rasmussenjoshua@example.net,768.750.1429x40196,Obrien-Dixon,2024-06-01
CID-5367,Tabitha,Leonard,kathrynpearson@example.org,896-971-8325x8238,Smith Group,2024-04-14
CID-5382,James,Thompson,renee02@example.com,+1-315-334-7355x2896,Andrade and Sons,2023-06-11
CID-9432,Kevin,Brooks,todd22@example.net,(904)643-2701x85106,"Chavez, Morgan and Bennett",2024-10-22
CID-5310,Kimberly,Jenkins,curtismoore@example.org,389.388.8167,Mclean Group,2024-11-08
CID-5085,Nicole,Pena,amitchell@example.org,(624)356-5060x98358,Gordon-Duran,2024-09-15
CID-5188,Amanda,Davis,nicolealvarado@example.com,(543)298-7801x573,"Blackwell, James and Hogan",2023-03-01
CID-9539,Eric,Lopez,johnsondonna@example.net,001-903-531-1907x90306,"Robinson, Shields and Brown",2023-02-27
CID-5131,Vanessa,Henderson,timperez@example.org,001-211-455-4262x2189,Bell-Lewis,2024-05-20
CID-5358,Linda,Zhang,michaelmitchell@example.net,001-526-783-1589,Garcia-Dawson,2024-02-10
CID-5238,David,Taylor,tonypearson@example.org,+1-398-333-1465,"Gutierrez, Diaz and Lee",2023-12-05
CID-5111,Peggy,Rivera,krystalnorris@example.org,650.916.3159x99650,Perez-Tran,2024-11-02
CID-9493,Jeffery,Jones,ecooper@example.net,7178046226,Kane-Knox,2024-12-02
CID-5058,Lindsay,Bruce,lynchdiane@example.net,302-444-5502x296,"Schultz, Johnson and Reese",2024-01-06
CID-9509,Jennifer,Mitchell,abbottdominique@example.com,989.883.6403,Allen Ltd,2023-02-18
CID-5242,Ann,Marquez,wrightalyssa@example.com,862.205.5543x8404,"Avery, Perez and Peterson",2023-10-13
CID-5064,Crystal,Hogan,bellcharles@example.com,200.954.1199x867,"Pearson, Morris and Alvarez",2024-11-08
CID-5122,Monica,Lopez,james14@example.net,485.696.9691x5579,"Lawrence, Powers and Edwards",2023-09-27
CID-5078,Susan,Johnson,victorhughes@example.net,344-473-9473,Hayes Ltd,2023-08-03
CID-9517,Richard,Rivers,mary76@example.net,(912)402-1697,"James, Howard and Johnson",2023-06-15
CID-5010,Corey,Pearson,novaksara@example.org,(267)873-6026,House-Glover,2023-03-31
CID-9519,Ashley,Aguilar,buckleyanna@example.org,885-464-6799x7024,"Franklin, Steele and Williams",2023-06-11
CID-5102,Emily,Floyd,heather62@example.com,(428)873-3427x0866,Scott LLC,2023-02-02
CID-5126,Desiree,Wright,colemichael@example.org,513.239.5962x923,"Bell, Campbell and Ryan",2024-02-13
CID-5015,William,King,davisrodney@example.com,2053242786,Landry Ltd,2023-04-06
CID-5386,Robert,Ballard,joshua02@example.com,341.651.4888,Garcia Inc,2023-11-06
CID-9526,Scott,Frazier,gdavis@example.com,9726867908,"Johnson, Scott and Smith",2023-08-13
CID-5333,Jeffrey,Vaughan,rebeccamccann@example.org,320-269-6942x152,"Fox, Ayala and Hebert",2024-09-01
CID-9520,Malik,Hernandez,lopezcurtis@example.com,(770)831-2073,Floyd-Jimenez,2023-12-13
CID-5035,Roy,Carroll,lynchjody@example.org,+1-934-612-3281x2067,Hall Ltd,2023-12-15
CID-5332,Tara,Rivas,melaniejennings@example.com,472.842.9543x165,Duffy-Wilkerson,2023-03-12
CID-5114,Kimberly,Hardy,ashleyjackson@example.com,(824)644-7212,Evans-Patton,2024-10-20
CID-5179,Laurie,West,hwest@example.com,001-501-966-0880x1994,Cox-Brown,2023-01-01
CID-5026,Anthony,Long,millerroy@example.com,(804)665-3755,King-Miller,2024-03-05
CID-5276,Sandra,Hall,jwells@example.net,(704)676-5801x85694,Lang-Scott,2024-04-04
CID-5383,Laura,Lee,ubenson@example.net,(930)599-3842x53042,"Miller, Ruiz and Alvarado",2024-03-24
CID-5009,Jessica,Nunez,brownjessica@example.org,933.587.2624,Ramos PLC,2024-07-12
CID-9547,Anna,Alvarado,brandybonilla@example.net,001-392-761-3715x04165,Johnson Group,2024-08-06
CID-5041,Tyrone,Moran,robert77@example.org,682.263.9821x465,Barber-Monroe,2023-04-05
CID-9427,Brittney,Rice,hatfieldsarah@example.org,(596)258-2710x9104,Fry Group,2023-04-23
CID-5129,Melissa,Kramer,williamsconnie@example.com,6124770632,Davis-Ward,2023-05-22
CID-5215,Edward,Shaffer,roberttaylor@example.net,685.974.4890x61203,"Davis, Garner and Green",2024-01-18
CID-9531,Danielle,Johnson,john21@example.net,001-581-896-0013x3890,Cole LLC,2024-10-16
CID-5385,Kevin,Oneal,selenabrooks@example.net,221-947-8539,"Oliver, Simmons and Mcdonald",2024-12-21
CID-5142,Ryan,Brandt,kellyrosales@example.com,001-355-474-3132x912,Owens-Russell,2024-01-30
CID-9481,Kristen,Joseph,xhill@example.org,+1-457-577-5478x12914,Gross-Sims,2024-06-29
CID-9550,Danielle,Tanner,nsmith@example.org,001-915-841-0067x626,Payne-Garcia,2024-07-03
CID-9525,Jackson,Savage,apadilla@example.net,565-380-4649,"Gilmore, Fitzgerald and Brown",2024-05-12
CID-9510,Julie,Lewis,sarah42@example.org,+1-993-330-8330x165,"Townsend, Smith and Pierce",2024-04-18
CID-9480,Daniel,Joseph,fjones@example.com,+1-621-924-9985x698,"Jacobs, Garcia and Miles",2023-10-28
CID-5232,Craig,Hall,hlopez@example.net,992.888.6195,Jackson and Sons,2024-12-25
CID-5108,Robert,Smith,amanda40@example.net,001-762-611-8233x984,Miller-Chung,2024-08-03
CID-5167,Amanda,Glover,william28@example.org,817-724-8251x3534,Green-Carter,2023-04-19
CID-5194,Tony,Rivera,emilyyoung@example.com,+1-713-757-7594x929,Jackson-Edwards,2023-03-12
CID-5133,Jennifer,Mitchell,abbottdominique@example.com,989.883.6403,Allen Ltd,2023-02-18
CID-9594,Brent,Reyes,simmonsharold@example.net,001-979-454-5381,Hess Ltd,2023-02-25
CID-5093,Carrie,Hebert,justin88@example.com,(687)443-1527,Doyle LLC,2023-10-04
CID-9540,Molly,Greer,kari89@example.org,001-634-472-1228x16064,Silva LLC,2023-11-11
CID-9443,Shannon,Richardson,lopeznicole@example.org,462-941-1241,Golden PLC,2024-02-15
CID-5069,Sean,Mitchell,pyoung@example.com,435.697.7468x8623,Davidson LLC,2023-04-14
CID-9537,Mark,Lee,smithjennifer@example.net,992.484.5679,Taylor Inc,2023-12-24
CID-5329,John,Ramirez,michaelbaldwin@example.com,7903034864,"Camacho, Mathews and Price",2024-06-04
CID-5042,Bethany,Keller,seanwashington@example.com,+1-586-875-3396,Flores Group,2024-01-25
CID-9513,Paul,Ray,bradley60@example.net,+1-635-661-5951,"Ortiz, Powell and Phillips",2024-09-08
CID-5339,Anna,Alvarado,brandybonilla@example.net,001-392-761-3715x04165,Johnson Group,2024-08-06
CID-5288,Michael,Smith,jamesdowns@example.org,+1-958-983-7340x312,Moore Inc,2024-10-29
CID-5303,Erica,Wilson,moralesmary@example.com,(315)909-3983x430,"Powers, Miller and Hunt",2024-02-04
CID-5201,Zachary,Sullivan,johnsjessica@example.com,437-497-7236,"Keller, Baker and Ramsey",2023-06-19
CID-9464,Sean,Miller,elizabeth18@example.net,742-725-8313x2370,Lara-Arnold,2024-11-17
CID-5013,Stephen,Hickman,smithchristine@example.net,518-738-4251,Moore-Bass,2023-02-02
CID-5273,Audrey,Rivera,susan44@example.org,2946940792,"Weber, Mitchell and Miller",2023-07-16
CID-5318,Teresa,Reyes,eric99@example.org,001-218-277-3477x84858,Beard-Wilson,2024-07-09
CID-9536,Michele,Henderson,tiffanydavidson@example.org,753-677-9599,Murphy-Garcia,2023-09-08
CID-9470,Julie,Lewis,sarah42@example.org,+1-993-330-8330x165,"Townsend, Smith and Pierce",2024-04-18
CID-5239,Melvin,Rios,gary59@example.com,+1-427-603-3521x103,Cooper Inc,2023-03-14
CID-9528,Jennifer,Cruz,psanchez@example.net,5163328708,Anderson-Marshall,2023-07-23
CID-5084,Michelle,Barnes,lisapeck@example.net,532-578-7747x01687,"Gomez, Williams and Simpson",2023-03-15
CID-5370,Glenn,Peters,ifarmer@example.org,+1-318-907-1569x5620,Mayer-Wallace,2023-04-13
CID-5207,Christopher,Johnson,zarias@example.net,+1-284-590-2770x3843,"Jackson, Johnson and Allen",2024-07-06
CID-9408,Morgan,Phelps,laurie56@example.net,610-302-2557,Briggs-White,2024-01-18
CID-5347,Joanne,Wallace,cruiz@example.net,834.896.0501,Mclaughlin-Larson,2024-11-04
CID-5342,Joseph,Burke,avilalisa@example.net,(466)910-8573,"Soto, Warren and Roberts",2024-08-31
CID-5172,Amanda,Williams,stanleydesiree@example.org,4165761847,"Jennings, Smith and Fisher",2024-09-15
CID-9527,Christopher,Beck,brettgarrett@example.net,001-936-211-0371x293,Dominguez Inc,2024-06-05
CID-5029,Matthew,Atkinson,xgarcia@example.net,626.728.4987x769,Rivas Inc,2024-08-26
CID-9497,Roy,Carroll,lynchjody@example.org,+1-934-612-3281x2067,Hall Ltd,2023-12-15
CID-9446,Stacy,Ryan,owelch@example.net,(488)645-7831x74564,Smith and Sons,2023-09-11
CID-5279,Shawn,Carney,qschwartz@example.com,921-340-6650x442,Krause-Gonzalez,2023-07-07
CID-9578,Sierra,Leonard,rodriguezmichael@example.net,7555281832,"Wilson, Mendoza and Crosby",2024-05-07
CID-9499,Ryan,Brandt,kellyrosales@example.com,001-355-474-3132x912,Owens-Russell,2024-01-30
CID-5225,John,Wise,cwright@example.org,318.637.6452x088,Little-Gonzalez,2024-08-25
CID-9429,Michele,Henderson,tiffanydavidson@example.org,753-677-9599,Murphy-Garcia,2023-09-08
CID-5399,Michael,Thompson,avaldez@example.com,573.814.9501,Saunders-Porter,2023-04-20
CID-5305,Scott,Martin,achandler@example.org,001-391-823-4785,Smith Ltd,2024-04-10
CID-5360,Madison,Thomas,toddellis@example.net,381.737.7028x51961,"Roberts, Mills and Wilson",2024-11-18
CID-5006,Amber,Osborne,georgetracy@example.org,(443)903-9117x182,"Martin, Rose and Obrien",2023-05-23
CID-9488,Christopher,Colon,bgonzalez@example.org,(641)371-4677,"Stephens, Lopez and Mcclure",2023-12-15
CID-5389,Vincent,Hopkins,matthew66@example.net,001-868-845-9090x22599,Fry Inc,2024-06-25
CID-5020,David,Fisher,lbyrd@example.net,001-746-980-4436,Ramos-Lewis,2023-01-28
CID-5398,Bryan,Benjamin,roblesmaria@example.org,001-820-868-1558x3938,Hall Inc,2023-04-29
CID-9430,Paige,Boyer,teresayoung@example.com,702-349-1630x09792,Moore Inc,2024-07-21
CID-5211,Lori,Jones,thomasgomez@example.net,723-473-3343x333,Wilson Inc,2023-11-16
CID-5063,Jessica,Fuentes,joelthomas@example.org,(992)712-7799,"Stewart, Gonzales and Harrison",2023-02-16
CID-9425,Kim,Shelton,mccormickdeborah@example.org,818-464-4925x19254,"Fletcher, Miller and Hansen",2023-10-24
CID-9477,Carl,Hale,brianmiller@example.com,479-290-4210,Crawford LLC,2024-10-04
CID-5338,Thomas,Martin,fgraham@example.org,658.477.7121x513,Brady LLC,2023-05-03
CID-9417,Paul,Webb,patrickhoward@example.com,001-740-564-0909x743,"Lee, King and Campos",2023-09-28
CID-9588,Ann,Marquez,wrightalyssa@example.com,862.205.5543x8404,"Avery, Perez and Peterson",2023-10-13
CID-5065,Edward,Brown,shepherdmary@example.net,482-703-7788,Hardin-Hughes,2023-08-22
CID-5219,Wendy,Garcia,christopherhuynh@example.com,933-947-2282x0055,"Donovan, Dunn and Taylor",2023-05-04
CID-5156,Christopher,Colon,bgonzalez@example.org,(641)371-4677,"Stephens, Lopez and Mcclure",2023-12-15
CID-5392,Briana,Shaw,ahill@example.org,216.393.8597x779,Lucas-Ellison,2024-07-21
CID-5236,Patrick,Deleon,michael66@example.org,001-539-406-0480x58925,Nunez Group,2023-03-11
CID-5154,Timothy,Shields,franciscojones@example.org,705-941-1526x2181,"Johnson, Dunlap and Martin",2023-10-01
CID-5141,Aaron,Sandoval,dalton83@example.com,302.441.0386x5719,"Wilkins, Jones and Bradley",2023-03-07
CID-5082,Sandra,Williams,millerstacy@example.net,839-669-0784x473,Jones-Brown,2024-11-30
CID-5327,Christopher,Guzman,lesterrichard@example.com,+1-316-523-1981x89847,"Martinez, Roman and Murphy",2023-06-11
CID-5343,Samuel,Solomon,ievans@example.net,838-864-9081x0818,Marshall Ltd,2023-02-10
CID-5278,Christopher,Mays,stephanielittle@example.net,619-626-9212,Guerrero-Jones,2024-03-08
CID-9599,Paul,Webb,patrickhoward@example.com,001-740-564-0909x743,"Lee, King and Campos",2023-09-28
CID-5292,Eric,Norton,belindatran@example.org,268-873-9774,"Salas, Wright and Hamilton",2023-08-31
CID-5079,Sean,Miller,elizabeth18@example.net,742-725-8313x2370,Lara-Arnold,2024-11-17
CID-9450,Molly,Greer,kari89@example.org,001-634-472-1228x16064,Silva LLC,2023-11-11
CID-5281,Joseph,Graves,gandrews@example.net,001-777-766-1830x67198,"Turner, Brown and Shea",2024-04-18
CID-5244,Kyle,Thornton,russellstout@example.org,+1-892-851-8812x5205,Ramos-Peck,2024-05-12
CID-9496,Ryan,Brandt,kellyrosales@example.com,001-355-474-3132x912,Owens-Russell,2024-01-30
CID-9533,Dustin,Peck,marymullins@example.com,001-863-972-3950x41027,Alvarez-Vaughan,2024-07-03
CID-5283,Jill,Taylor,anthonydavies@example.org,261.884.7870x0505,Lewis Ltd,2023-03-19
CID-5253,Belinda,Morrison,samantha01@example.com,(724)299-9827,Mack LLC,2024-02-21
CID-5265,Katrina,Munoz,williamsullivan@example.net,858-514-8769,"Sanchez, Moore and Olson",2024-10-31
CID-9460,Glenn,Brown,donald62@example.net,(282)973-9021x962,Smith and Sons,2023-04-11
CID-9591,Bradley,Anderson,julie64@example.com,+1-548-456-2572x870,Hall Inc,2024-02-18
CID-5162,Jason,Holloway,xmalone@example.org,521.248.6289x02330,Williams-Ward,2023-01-04
CID-9456,John,Wise,ndavis@example.org,(764)521-4764x9251,Griffin-Hughes,2024-08-15
CID-9561,Jeffery,Jones,ecooper@example.net,7178046226,Kane-Knox,2024-12-02
CID-9436,Lisa,Hawkins,elizabeth65@example.net,001-360-749-4519x83273,"Richardson, Farmer and Andrews",2024-09-25
CID-9516,Peter,Gray,christian38@example.net,001-944-984-6312x241,Graves-Vasquez,2023-03-07
CID-9453,Brandon,Smith,meganhall@example.net,(903)987-5099,Smith PLC,2023-08-05
CID-5324,Kevin,Brock,ualvarado@example.org,(964)698-7820x82973,"Patel, Mendez and Hammond",2024-05-03
CID-9543,Mariah,Keller,rfuller@example.net,+1-305-809-7592x30450,Ross and Sons,2023-09-10
CID-9575,Jason,Lopez,sean20@example.net,+1-493-847-6870x146,Day PLC,2024-06-25
CID-5136,Carl,Hale,brianmiller@example.com,479-290-4210,Crawford LLC,2024-10-04
CID-9467,Teresa,Evans,janet75@example.com,(284)641-9866x524,"Miller, Bradshaw and Douglas",2023-06-17
CID-5124,Christine,Glenn,washingtonjames@example.com,+1-387-267-6772,Carter LLC,2024-03-14
CID-5255,Kristin,Mann,ulynch@example.com,699.552.9978x77293,Wilson Group,2023-04-07
CID-9570,Timothy,Shields,franciscojones@example.org,705-941-1526x2181,"Johnson, Dunlap and Martin",2023-10-01
CID-5051,Amanda,Price,ellen86@example.net,001-526-717-9640x5377,Pollard LLC,2023-05-08
CID-9475,Ryan,Garcia,hansenkenneth@example.com,(319)763-9907x6769,"Pace, Logan and Gibson",2023-05-16
CID-9530,Malik,Hernandez,lopezcurtis@example.com,(770)831-2073,Floyd-Jimenez,2023-12-13
CID-5180,Jeffrey,Gibson,xmoran@example.net,211.430.5548x851,Taylor-Love,2024-09-05
CID-5224,Nathan,Terry,riveramegan@example.org,8462187234,Villegas Ltd,2023-01-22
CID-9435,Douglas,Taylor,julie69@example.com,(332)887-1012x269,Carlson-Mcdonald,2023-09-08
CID-5109,Stephen,Sanchez,kevinclayton@example.org,+1-801-766-6870x0217,"Madden, Dickson and Jacobson",2023-11-19
CID-5005,John,Tran,frazierdanny@example.net,001-645-514-6270x48281,Brooks and Sons,2023-08-17
CID-5151,Eric,Fry,lbanks@example.net,+1-495-439-2644,"Smith, Miles and Berry",2023-04-28
CID-5249,Steven,Lucas,sharpdaniel@example.net,001-982-366-5702x793,Nguyen-Wong,2024-08-13
CID-9409,Julie,Webster,heatherpadilla@example.com,685.746.7854,"Andrade, Owens and Lang",2024-02-15
CID-9506,Valerie,Edwards,smithjoshua@example.org,001-827-912-9666,Smith-Ferguson,2023-11-02
CID-5393,Michael,Kirby,peter26@example.org,(296)576-2916,Hill Ltd,2023-11-03
CID-5199,Richard,Roth,tommy79@example.org,327.523.1843x22259,Shepherd-Cortez,2024-05-01
CID-9424,Amanda,Estrada,wolfejennifer@example.org,568.215.1185x6724,Johnson-Fowler,2024-11-10
CID-9466,Scott,Washington,matthewthomas@example.net,556-425-8815x37147,Williams Group,2024-10-25
CID-5074,Heather,Welch,bryanparsons@example.com,8439030548,Johnson-Lucas,2024-01-09
CID-9486,Devon,Richardson,jesseshepherd@example.org,001-369-631-5727,Cross PLC,2023-08-23
CID-5250,Jennifer,Martin,davisjasmin@example.net,(718)468-9268x602,Melton and Sons,2024-04-29
CID-5047,Paul,Webb,patrickhoward@example.com,001-740-564-0909x743,"Lee, King and Campos",2023-09-28
CID-5025,Barbara,Woods,kenneth66@example.net,001-489-937-3467x0656,Hooper PLC,2024-07-12
CID-5150,Martin,Mendez,matthewthompson@example.com,7028921851,"Garcia, Turner and Taylor",2024-11-27
CID-5203,David,Munoz,princekimberly@example.net,(886)450-8637x65991,Woods-Hall,2024-06-24
CID-5230,Alexandra,Jones,gregoryjohnson@example.org,531.309.6789x9405,Conrad and Sons,2023-01-08
CID-5317,Brittney,Avila,qkelly@example.net,(278)342-7114x7732,"Brown, Jones and Gregory",2024-08-16
CID-5240,Kevin,Ruiz,jason83@example.org,+1-284-687-9206,Brown and Sons,2024-06-10
