transaction_id,user_id,amount,metadata,timestamp
0,USR_19,383.72,"{""payment_method"": ""upi"", ""location"": ""West Heatherberg"", ""device"": ""desktop""}",2024-03-11T02:41:00
1,232,308.4,"{""payment_method"": ""bank"", ""location"": ""Woodville"", ""device"": ""desktop""}",2024-11-12T01:53:00
2,USR_201,426.93,"{""payment_method"": ""card"", ""location"": ""Georgetown"", ""device"": ""desktop""}",2024-04-26T22:57:00
3,262,73.07,"{""payment_method"": ""upi"", ""location"": ""Rayside"", ""device"": ""tablet""}",2024-07-17T00:25:00
4,USR_294,41.13,"{""payment_method"": ""bank"", ""location"": ""Longton"", ""device"": ""mobile""}",2024-02-14T17:11:00
5,USR_429,144.89,"{""payment_method"": ""card"", ""location"": ""Port Davidberg"", ""device"": ""tablet""}",2024-02-14T10:44:00
6,48,234.14,"{""payment_method"": ""bank"", ""location"": ""East Williamfort"", ""device"": ""tablet""}",2024-11-15T12:23:00
7,USR_85,49.27,"{""payment_method"": ""upi"", ""location"": ""Port Paul"", ""device"": ""mobile""}",2024-07-14T05:51:00
8,188,339.22,"{""payment_method"": ""card"", ""location"": ""Barbarafurt"", ""device"": ""tablet""}",2024-08-04T06:33:00
9,253,367.0,"{""payment_method"": ""upi"", ""location"": ""North Bethburgh"", ""device"": ""tablet""}",2024-12-10T11:22:00
10,494,389.09,"{""payment_method"": ""upi"", ""location"": ""Port Gabrielview"", ""device"": ""mobile""}",2024-04-22T05:10:00
11,293,63.38,"{""payment_method"": ""bank"", ""location"": ""New Cindyshire"", ""device"": ""desktop""}",2024-01-28T15:38:00
12,USR_75,452.73,"{""payment_method"": ""card"", ""location"": ""North Meganmouth"", ""device"": ""mobile""}",2024-09-02T20:42:00
13,60,254.07,"{""payment_method"": ""bank"", ""location"": ""Markmouth"", ""device"": ""desktop""}",2024-10-07T18:45:00
14,44,55.55,"{""payment_method"": ""card"", ""location"": ""East Melinda"", ""device"": ""tablet""}",2024-10-20T19:01:00
15,133,210.26,"{""payment_method"": ""upi"", ""location"": ""Brendanshire"", ""device"": ""desktop""}",2024-05-15T07:10:00
16,USR_275,415.41,"{""payment_method"": ""bank"", ""location"": ""Michealburgh"", ""device"": ""tablet""}",2024-06-18T23:24:00
17,USR_490,179.25,"{""payment_method"": ""card"", ""location"": ""New Elaineport"", ""device"": ""desktop""}",2024-10-10T08:54:00
18,USR_115,,"{""payment_method"": ""card"", ""location"": ""Lamstad"", ""device"": ""mobile""}",2024-03-22T05:14:00
19,USR_296,117.61,"{""payment_method"": ""upi"", ""location"": ""Williamschester"", ""device"": ""desktop""}",2024-01-05T10:52:00
20,55,71.01,"{""payment_method"": ""bank"", ""location"": ""West Davidland"", ""device"": ""desktop""}",2024-11-05T13:06:00
21,USR_54,194.31,"{""payment_method"": ""upi"", ""location"": ""New Lindsey"", ""device"": ""desktop""}",2024-04-07T11:25:00
22,276,,"{""payment_method"": ""card"", ""location"": ""Lake Amandamouth"", ""device"": ""mobile""}",2024-07-14T07:43:00
23,245,143.91,"{""payment_method"": ""bank"", ""location"": ""East Aaronville"", ""device"": ""mobile""}",2024-09-04T07:50:00
24,USR_72,14.9,"{""payment_method"": ""card"", ""location"": ""Lake Andre"", ""device"": ""desktop""}",2024-04-19T11:09:00
25,146,227.71,"{""payment_method"": ""bank"", ""location"": ""Davidside"", ""device"": ""desktop""}",2024-08-12T07:03:00
26,467,375.86,"{""payment_method"": ""upi"", ""location"": ""Greenmouth"", ""device"": ""tablet""}",2024-11-11T18:20:00
27,265,44.54,"{""payment_method"": ""bank"", ""location"": ""Meredithfurt"", ""device"": ""tablet""}",2024-04-22T04:24:00
28,310,,"{""payment_method"": ""bank"", ""location"": ""Lake Arthurborough"", ""device"": ""tablet""}",2024-06-17T11:27:00
29,96,,"{""payment_method"": ""bank"", ""location"": ""Leeshire"", ""device"": ""tablet""}",2024-05-03T16:43:00
30,248,215.39,"{""payment_method"": ""card"", ""location"": ""Greenshire"", ""device"": ""desktop""}",2024-07-13T05:26:00
31,USR_255,404.13,"{""payment_method"": ""upi"", ""location"": ""Gainesmouth"", ""device"": ""desktop""}",2024-10-09T06:41:00
32,357,170.0,"{""payment_method"": ""card"", ""location"": ""Reedburgh"", ""device"": ""mobile""}",2024-05-12T15:26:00
33,USR_191,222.92,"{""payment_method"": ""bank"", ""location"": ""Port Maria"", ""device"": ""desktop""}",2024-02-05T09:57:00
34,USR_485,444.1,"{""payment_method"": ""card"", ""location"": ""Lake Jesusport"", ""device"": ""mobile""}",2024-05-18T04:13:00
35,133,200.34,"{""payment_method"": ""bank"", ""location"": ""West Jacob"", ""device"": ""mobile""}",2024-03-18T04:15:00
36,430,187.69,"{""payment_method"": ""card"", ""location"": ""South Mackenzie"", ""device"": ""desktop""}",2024-07-04T13:24:00
37,USR_48,349.65,"{""payment_method"": ""upi"", ""location"": ""Walkermouth"", ""device"": ""mobile""}",2024-11-15T20:53:00
38,323,,"{""payment_method"": ""bank"", ""location"": ""North Anthonyside"", ""device"": ""mobile""}",2024-12-20T08:52:00
39,246,150.75,"{""payment_method"": ""bank"", ""location"": ""New Michaelbury"", ""device"": ""tablet""}",2024-03-04T19:54:00
40,348,218.87,"{""payment_method"": ""card"", ""location"": ""South Kathryn"", ""device"": ""mobile""}",2024-02-29T22:21:00
41,USR_135,31.03,"{""payment_method"": ""bank"", ""location"": ""East Adam"", ""device"": ""desktop""}",2024-09-16T12:39:00
42,USR_104,,"{""payment_method"": ""upi"", ""location"": ""North Ashlee"", ""device"": ""mobile""}",2024-03-01T16:56:00
43,112,464.89,"{""payment_method"": ""bank"", ""location"": ""Harrischester"", ""device"": ""mobile""}",2024-10-16T02:06:00
44,20,58.73,"{""payment_method"": ""card"", ""location"": ""North Jacobville"", ""device"": ""mobile""}",2024-06-12T11:22:00
45,USR_132,307.92,"{""payment_method"": ""card"", ""location"": ""Larryside"", ""device"": ""tablet""}",2024-12-23T17:34:00
46,409,474.02,"{""payment_method"": ""bank"", ""location"": ""New Barbara"", ""device"": ""desktop""}",2024-11-30T14:37:00
47,190,109.95,"{""payment_method"": ""upi"", ""location"": ""East Joel"", ""device"": ""tablet""}",2024-12-19T02:06:00
48,USR_422,,"{""payment_method"": ""card"", ""location"": ""West Timothyview"", ""device"": ""desktop""}",2024-05-10T00:17:00
49,393,47.0,"{""payment_method"": ""card"", ""location"": ""South Jacquelineberg"", ""device"": ""desktop""}",2024-01-15T10:07:00
50,322,484.44,"{""payment_method"": ""bank"", ""location"": ""Jeffreyborough"", ""device"": ""tablet""}",2024-10-14T06:25:00
51,118,488.08,"{""payment_method"": ""card"", ""location"": ""Wallerberg"", ""device"": ""desktop""}",2024-10-12T00:37:00
52,USR_44,457.84,"{""payment_method"": ""bank"", ""location"": ""Ashleymouth"", ""device"": ""mobile""}",2024-11-10T22:07:00
53,19,109.18,"{""payment_method"": ""bank"", ""location"": ""Jennifermouth"", ""device"": ""mobile""}",2024-11-09T09:08:00
54,414,20.96,"{""payment_method"": ""bank"", ""location"": ""Rhondaside"", ""device"": ""tablet""}",2024-07-25T00:55:00
55,341,,"{""payment_method"": ""bank"", ""location"": ""Brucechester"", ""device"": ""tablet""}",2024-01-08T13:32:00
56,USR_30,,"{""payment_method"": ""bank"", ""location"": ""Holmesshire"", ""device"": ""desktop""}",2024-11-24T02:13:00
57,USR_157,470.28,"{""payment_method"": ""upi"", ""location"": ""East Christinaberg"", ""device"": ""desktop""}",2024-08-15T15:10:00
58,USR_41,398.81,"{""payment_method"": ""card"", ""location"": ""Lake Danielland"", ""device"": ""tablet""}",2024-08-28T17:47:00
59,184,148.4,"{""payment_method"": ""card"", ""location"": ""East Tracie"", ""device"": ""desktop""}",2024-05-16T00:38:00
60,USR_458,218.03,"{""payment_method"": ""upi"", ""location"": ""West Geoffreymouth"", ""device"": ""mobile""}",2024-07-13T01:34:00
61,132,209.43,"{""payment_method"": ""upi"", ""location"": ""Phillipsmouth"", ""device"": ""desktop""}",2024-11-14T15:31:00
62,385,246.06,"{""payment_method"": ""upi"", ""location"": ""Ramosview"", ""device"": ""tablet""}",2024-10-08T11:41:00
63,399,463.87,"{""payment_method"": ""card"", ""location"": ""Taylormouth"", ""device"": ""tablet""}",2024-05-03T00:52:00
64,USR_148,181.41,"{""payment_method"": ""bank"", ""location"": ""Marvinville"", ""device"": ""tablet""}",2024-11-16T11:48:00
65,471,13.74,"{""payment_method"": ""bank"", ""location"": ""Wolfemouth"", ""device"": ""mobile""}",2024-08-08T19:50:00
66,314,,"{""payment_method"": ""bank"", ""location"": ""Kyleborough"", ""device"": ""mobile""}",2024-04-04T22:32:00
67,456,231.7,"{""payment_method"": ""bank"", ""location"": ""Port Steven"", ""device"": ""desktop""}",2024-06-16T03:09:00
68,14,54.8,"{""payment_method"": ""upi"", ""location"": ""Kevinchester"", ""device"": ""mobile""}",2024-02-03T12:55:00
69,USR_478,196.91,"{""payment_method"": ""bank"", ""location"": ""Port Brittney"", ""device"": ""tablet""}",2024-04-08T13:23:00
70,269,186.12,"{""payment_method"": ""card"", ""location"": ""East Kevinberg"", ""device"": ""desktop""}",2024-09-18T18:04:00
71,USR_420,464.29,"{""payment_method"": ""bank"", ""location"": ""East Donald"", ""device"": ""mobile""}",2024-04-22T03:49:00
72,65,149.71,"{""payment_method"": ""upi"", ""location"": ""West Rebecca"", ""device"": ""mobile""}",2024-11-29T02:20:00
73,304,494.37,"{""payment_method"": ""bank"", ""location"": ""Mcintyreburgh"", ""device"": ""tablet""}",2024-09-10T12:38:00
74,161,351.76,"{""payment_method"": ""card"", ""location"": ""Marissaville"", ""device"": ""mobile""}",2024-05-13T15:54:00
75,458,55.27,"{""payment_method"": ""bank"", ""location"": ""Dennischester"", ""device"": ""desktop""}",2024-01-10T12:59:00
76,USR_195,155.25,"{""payment_method"": ""card"", ""location"": ""Walterview"", ""device"": ""mobile""}",2024-09-30T23:51:00
77,USR_448,318.43,"{""payment_method"": ""upi"", ""location"": ""East Ashleyhaven"", ""device"": ""mobile""}",2024-03-02T02:53:00
78,USR_147,65.74,"{""payment_method"": ""upi"", ""location"": ""Williamsshire"", ""device"": ""tablet""}",2024-10-01T17:12:00
79,USR_20,,"{""payment_method"": ""card"", ""location"": ""Welchside"", ""device"": ""desktop""}",2024-01-29T03:02:00
80,379,457.55,"{""payment_method"": ""card"", ""location"": ""Danielsville"", ""device"": ""mobile""}",2024-03-31T14:37:00
81,121,474.93,"{""payment_method"": ""bank"", ""location"": ""Lake Jenniferfort"", ""device"": ""tablet""}",2024-11-06T18:38:00
82,USR_414,492.02,"{""payment_method"": ""card"", ""location"": ""West Danielborough"", ""device"": ""mobile""}",2024-01-21T09:06:00
83,USR_231,121.43,"{""payment_method"": ""bank"", ""location"": ""Haleside"", ""device"": ""tablet""}",2024-11-02T20:21:00
84,429,325.82,"{""payment_method"": ""upi"", ""location"": ""Mendozaburgh"", ""device"": ""tablet""}",2024-03-08T07:10:00
85,222,128.18,"{""payment_method"": ""upi"", ""location"": ""Adrianview"", ""device"": ""tablet""}",2024-03-05T01:18:00
86,387,,"{""payment_method"": ""card"", ""location"": ""Sandraland"", ""device"": ""mobile""}",2024-08-01T22:41:00
87,100,402.73,"{""payment_method"": ""card"", ""location"": ""Jacobstad"", ""device"": ""tablet""}",2024-03-04T15:52:00
88,USR_458,374.97,"{""payment_method"": ""card"", ""location"": ""West Melissa"", ""device"": ""desktop""}",2024-01-13T02:55:00
89,USR_283,169.12,"{""payment_method"": ""upi"", ""location"": ""Marshalltown"", ""device"": ""desktop""}",2024-02-09T10:43:00
90,60,,"{""payment_method"": ""card"", ""location"": ""East Patriciaborough"", ""device"": ""desktop""}",2024-07-24T13:50:00
91,286,367.87,"{""payment_method"": ""upi"", ""location"": ""East Brad"", ""device"": ""mobile""}",2024-08-28T12:22:00
92,USR_116,453.46,"{""payment_method"": ""bank"", ""location"": ""Williamsville"", ""device"": ""tablet""}",2024-09-19T14:09:00
93,371,425.42,"{""payment_method"": ""upi"", ""location"": ""West Anthonyhaven"", ""device"": ""mobile""}",2024-07-26T18:51:00
94,481,323.35,"{""payment_method"": ""upi"", ""location"": ""West Joshua"", ""device"": ""tablet""}",2024-11-17T23:36:00
95,259,16.9,"{""payment_method"": ""bank"", ""location"": ""Port Gary"", ""device"": ""mobile""}",2024-11-13T15:35:00
96,USR_0,158.35,"{""payment_method"": ""card"", ""location"": ""Travisshire"", ""device"": ""tablet""}",2024-01-24T06:39:00
97,192,204.49,"{""payment_method"": ""bank"", ""location"": ""Arroyochester"", ""device"": ""mobile""}",2024-11-16T02:54:00
98,USR_268,96.23,"{""payment_method"": ""bank"", ""location"": ""Stephenshire"", ""device"": ""desktop""}",2024-03-09T02:53:00
99,90,161.52,"{""payment_method"": ""bank"", ""location"": ""South Samuel"", ""device"": ""desktop""}",2024-01-10T02:56:00
100,USR_232,181.83,"{""payment_method"": ""card"", ""location"": ""Summershaven"", ""device"": ""mobile""}",2024-03-02T17:45:00
101,491,,"{""payment_method"": ""upi"", ""location"": ""South Antonio"", ""device"": ""tablet""}",2024-07-22T01:21:00
102,378,399.85,"{""payment_method"": ""card"", ""location"": ""Port Michelle"", ""device"": ""mobile""}",2024-06-06T12:04:00
103,173,309.35,"{""payment_method"": ""upi"", ""location"": ""South Chrisville"", ""device"": ""mobile""}",2024-09-01T13:52:00
104,USR_21,252.93,"{""payment_method"": ""card"", ""location"": ""North Crystalview"", ""device"": ""mobile""}",2024-06-04T03:34:00
105,USR_141,193.79,"{""payment_method"": ""bank"", ""location"": ""Halltown"", ""device"": ""tablet""}",2024-08-13T09:39:00
106,485,220.07,"{""payment_method"": ""bank"", ""location"": ""West Michael"", ""device"": ""tablet""}",2024-12-04T02:51:00
107,USR_212,466.44,"{""payment_method"": ""card"", ""location"": ""Millertown"", ""device"": ""desktop""}",2024-03-28T20:13:00
108,USR_303,388.29,"{""payment_method"": ""bank"", ""location"": ""Lake Dannychester"", ""device"": ""tablet""}",2024-09-24T11:33:00
109,USR_199,21.98,"{""payment_method"": ""card"", ""location"": ""Lake Calebville"", ""device"": ""mobile""}",2024-02-04T18:26:00
110,USR_303,369.64,"{""payment_method"": ""bank"", ""location"": ""Patricktown"", ""device"": ""desktop""}",2024-04-12T20:31:00
111,376,,"{""payment_method"": ""upi"", ""location"": ""Jackieshire"", ""device"": ""mobile""}",2024-10-03T13:00:00
112,USR_397,360.02,"{""payment_method"": ""bank"", ""location"": ""Nicholaschester"", ""device"": ""tablet""}",2024-07-18T18:45:00
113,332,390.98,"{""payment_method"": ""card"", ""location"": ""South Jenniferland"", ""device"": ""mobile""}",2024-03-25T00:23:00
114,USR_5,296.15,"{""payment_method"": ""card"", ""location"": ""New Alextown"", ""device"": ""desktop""}",2024-04-26T10:59:00
115,256,255.49,"{""payment_method"": ""bank"", ""location"": ""Nelsonside"", ""device"": ""tablet""}",2024-10-03T17:59:00
116,367,307.85,"{""payment_method"": ""card"", ""location"": ""Anthonymouth"", ""device"": ""tablet""}",2024-04-06T19:48:00
117,114,187.6,"{""payment_method"": ""upi"", ""location"": ""Antoniofurt"", ""device"": ""mobile""}",2024-11-20T21:36:00
118,5,250.92,"{""payment_method"": ""upi"", ""location"": ""Kimberlymouth"", ""device"": ""tablet""}",2024-09-13T04:12:00
119,384,,"{""payment_method"": ""upi"", ""location"": ""West Bradleyborough"", ""device"": ""desktop""}",2024-12-20T06:28:00
120,429,363.74,"{""payment_method"": ""bank"", ""location"": ""South Markshire"", ""device"": ""tablet""}",2024-02-10T21:45:00
121,USR_50,157.68,"{""payment_method"": ""upi"", ""location"": ""Campbellville"", ""device"": ""tablet""}",2024-06-05T10:09:00
122,40,383.88,"{""payment_method"": ""upi"", ""location"": ""Howardburgh"", ""device"": ""mobile""}",2024-02-23T01:38:00
123,USR_363,86.64,"{""payment_method"": ""upi"", ""location"": ""South Rogerfort"", ""device"": ""desktop""}",2024-05-03T21:37:00
124,390,,"{""payment_method"": ""card"", ""location"": ""East Emily"", ""device"": ""mobile""}",2024-04-13T17:31:00
125,USR_360,267.91,"{""payment_method"": ""card"", ""location"": ""Jonathanchester"", ""device"": ""desktop""}",2024-05-15T13:57:00
126,320,59.9,"{""payment_method"": ""card"", ""location"": ""West Lukeville"", ""device"": ""tablet""}",2024-05-22T20:04:00
127,493,35.78,"{""payment_method"": ""bank"", ""location"": ""Molinafort"", ""device"": ""desktop""}",2024-11-03T10:29:00
128,USR_194,18.4,"{""payment_method"": ""card"", ""location"": ""Kimberlyfurt"", ""device"": ""desktop""}",2024-03-01T19:42:00
129,USR_270,431.97,"{""payment_method"": ""bank"", ""location"": ""Garrisonton"", ""device"": ""mobile""}",2024-03-22T17:25:00
130,USR_13,241.83,"{""payment_method"": ""card"", ""location"": ""Lake Katieburgh"", ""device"": ""desktop""}",2024-08-08T17:49:00
131,265,114.81,"{""payment_method"": ""upi"", ""location"": ""Jamesstad"", ""device"": ""mobile""}",2024-07-13T18:00:00
132,453,321.46,"{""payment_method"": ""bank"", ""location"": ""Erichaven"", ""device"": ""tablet""}",2024-10-05T10:45:00
133,USR_192,419.79,"{""payment_method"": ""upi"", ""location"": ""Morashire"", ""device"": ""desktop""}",2024-06-14T18:48:00
134,USR_204,319.1,"{""payment_method"": ""bank"", ""location"": ""West Rebeccabury"", ""device"": ""desktop""}",2024-08-05T00:21:00
135,USR_49,411.96,"{""payment_method"": ""upi"", ""location"": ""Kevintown"", ""device"": ""mobile""}",2024-08-06T21:22:00
136,USR_499,26.83,"{""payment_method"": ""bank"", ""location"": ""North Kristopher"", ""device"": ""mobile""}",2024-11-23T07:50:00
137,USR_188,276.7,"{""payment_method"": ""upi"", ""location"": ""North Shaun"", ""device"": ""mobile""}",2024-04-24T05:10:00
138,USR_267,380.38,"{""payment_method"": ""bank"", ""location"": ""Jonathanbury"", ""device"": ""mobile""}",2024-07-31T10:10:00
139,495,,"{""payment_method"": ""bank"", ""location"": ""Lake Laurenview"", ""device"": ""mobile""}",2024-11-07T06:19:00
140,171,331.99,"{""payment_method"": ""upi"", ""location"": ""Geraldmouth"", ""device"": ""mobile""}",2024-01-02T14:15:00
141,USR_429,20.23,"{""payment_method"": ""bank"", ""location"": ""East Christopherport"", ""device"": ""tablet""}",2024-11-19T11:09:00
142,0,442.78,"{""payment_method"": ""card"", ""location"": ""New Lynn"", ""device"": ""mobile""}",2024-02-23T07:00:00
143,USR_130,,"{""payment_method"": ""bank"", ""location"": ""Karenland"", ""device"": ""mobile""}",2024-07-19T23:49:00
144,USR_265,335.62,"{""payment_method"": ""upi"", ""location"": ""Christinastad"", ""device"": ""mobile""}",2024-08-06T12:29:00
145,USR_164,385.22,"{""payment_method"": ""bank"", ""location"": ""Lake Sarashire"", ""device"": ""desktop""}",2024-07-01T11:25:00
146,173,423.53,"{""payment_method"": ""bank"", ""location"": ""Port Danielberg"", ""device"": ""tablet""}",2024-08-29T13:18:00
147,375,452.09,"{""payment_method"": ""upi"", ""location"": ""Perrystad"", ""device"": ""mobile""}",2024-06-21T01:58:00
148,445,273.91,"{""payment_method"": ""card"", ""location"": ""Bruceberg"", ""device"": ""desktop""}",2024-08-20T15:07:00
149,50,211.59,"{""payment_method"": ""card"", ""location"": ""Wheelershire"", ""device"": ""mobile""}",2024-12-23T15:19:00
150,USR_410,71.24,"{""payment_method"": ""bank"", ""location"": ""Leslieshire"", ""device"": ""desktop""}",2024-07-03T17:32:00
151,USR_374,20.66,"{""payment_method"": ""upi"", ""location"": ""East Loriburgh"", ""device"": ""desktop""}",2024-09-09T08:02:00
152,413,335.12,"{""payment_method"": ""upi"", ""location"": ""Christopherside"", ""device"": ""tablet""}",2024-12-26T09:57:00
153,209,246.88,"{""payment_method"": ""card"", ""location"": ""Bushtown"", ""device"": ""desktop""}",2024-12-15T04:26:00
154,8,22.48,"{""payment_method"": ""upi"", ""location"": ""Cookport"", ""device"": ""desktop""}",2024-06-16T22:57:00
155,49,58.01,"{""payment_method"": ""upi"", ""location"": ""East James"", ""device"": ""desktop""}",2024-03-30T23:16:00
156,USR_348,114.32,"{""payment_method"": ""upi"", ""location"": ""Hutchinsonbury"", ""device"": ""desktop""}",2024-08-17T02:10:00
157,376,243.64,"{""payment_method"": ""card"", ""location"": ""West Jerry"", ""device"": ""mobile""}",2024-10-24T03:13:00
158,157,477.4,"{""payment_method"": ""upi"", ""location"": ""West Lucasville"", ""device"": ""mobile""}",2024-02-21T10:05:00
159,45,270.77,"{""payment_method"": ""upi"", ""location"": ""Hortonville"", ""device"": ""tablet""}",2024-10-11T10:07:00
160,24,332.42,"{""payment_method"": ""upi"", ""location"": ""Williamsport"", ""device"": ""mobile""}",2024-04-16T06:37:00
161,USR_391,159.28,"{""payment_method"": ""upi"", ""location"": ""Jasontown"", ""device"": ""mobile""}",2024-10-07T02:40:00
162,327,478.77,"{""payment_method"": ""card"", ""location"": ""Silvaton"", ""device"": ""mobile""}",2024-05-24T21:59:00
163,478,425.49,"{""payment_method"": ""bank"", ""location"": ""Robinton"", ""device"": ""desktop""}",2024-08-27T23:16:00
164,USR_400,328.61,"{""payment_method"": ""card"", ""location"": ""South Raymondville"", ""device"": ""mobile""}",2024-08-24T21:37:00
165,410,477.0,"{""payment_method"": ""card"", ""location"": ""Lake David"", ""device"": ""tablet""}",2024-11-04T00:16:00
166,USR_358,314.96,"{""payment_method"": ""bank"", ""location"": ""Lake Jessicashire"", ""device"": ""desktop""}",2024-12-08T17:43:00
167,476,343.43,"{""payment_method"": ""bank"", ""location"": ""Lambland"", ""device"": ""mobile""}",2024-12-12T16:07:00
168,299,,"{""payment_method"": ""bank"", ""location"": ""North Lauren"", ""device"": ""tablet""}",2024-11-27T07:25:00
169,474,280.01,"{""payment_method"": ""bank"", ""location"": ""South Colebury"", ""device"": ""tablet""}",2024-11-02T12:04:00
170,212,166.05,"{""payment_method"": ""upi"", ""location"": ""Jenniferfort"", ""device"": ""desktop""}",2024-01-04T13:00:00
171,370,228.18,"{""payment_method"": ""upi"", ""location"": ""Francostad"", ""device"": ""mobile""}",2024-10-02T15:23:00
172,USR_387,133.89,"{""payment_method"": ""card"", ""location"": ""Stephanieland"", ""device"": ""desktop""}",2024-09-20T10:55:00
173,371,98.73,"{""payment_method"": ""card"", ""location"": ""Rasmussenbury"", ""device"": ""desktop""}",2024-07-04T22:26:00
174,USR_230,321.15,"{""payment_method"": ""card"", ""location"": ""Cheyennefort"", ""device"": ""desktop""}",2024-10-10T09:41:00
175,USR_397,129.96,"{""payment_method"": ""card"", ""location"": ""Port Maureenton"", ""device"": ""mobile""}",2024-12-29T04:37:00
176,104,,"{""payment_method"": ""card"", ""location"": ""North Patrick"", ""device"": ""tablet""}",2024-09-02T20:32:00
177,168,204.99,"{""payment_method"": ""card"", ""location"": ""South Stephen"", ""device"": ""tablet""}",2024-04-11T22:07:00
178,253,145.85,"{""payment_method"": ""upi"", ""location"": ""Lake Mary"", ""device"": ""tablet""}",2024-12-03T03:27:00
179,USR_343,434.17,"{""payment_method"": ""bank"", ""location"": ""West Sarahburgh"", ""device"": ""desktop""}",2024-09-19T11:55:00
180,41,187.71,"{""payment_method"": ""card"", ""location"": ""South Johntown"", ""device"": ""tablet""}",2024-05-29T11:17:00
181,481,461.96,"{""payment_method"": ""bank"", ""location"": ""Richardburgh"", ""device"": ""desktop""}",2024-08-28T05:50:00
182,USR_304,224.07,"{""payment_method"": ""card"", ""location"": ""Butlermouth"", ""device"": ""desktop""}",2024-02-24T23:50:00
183,498,365.77,"{""payment_method"": ""card"", ""location"": ""North Spencerton"", ""device"": ""desktop""}",2024-07-27T00:21:00
184,463,34.19,"{""payment_method"": ""card"", ""location"": ""Smithport"", ""device"": ""desktop""}",2024-08-02T09:46:00
185,18,194.04,"{""payment_method"": ""bank"", ""location"": ""Nelsonmouth"", ""device"": ""mobile""}",2024-03-25T08:04:00
186,257,379.37,"{""payment_method"": ""card"", ""location"": ""West Morgan"", ""device"": ""tablet""}",2024-02-13T22:04:00
187,USR_426,213.88,"{""payment_method"": ""card"", ""location"": ""Crossshire"", ""device"": ""tablet""}",2024-10-16T16:35:00
188,497,196.85,"{""payment_method"": ""card"", ""location"": ""Jessicahaven"", ""device"": ""tablet""}",2024-08-17T10:29:00
189,261,405.31,"{""payment_method"": ""card"", ""location"": ""Garciaport"", ""device"": ""tablet""}",2024-02-04T05:30:00
190,319,252.78,"{""payment_method"": ""bank"", ""location"": ""Daniellestad"", ""device"": ""mobile""}",2024-11-06T19:53:00
191,175,332.81,"{""payment_method"": ""bank"", ""location"": ""Cranehaven"", ""device"": ""desktop""}",2024-04-02T13:59:00
192,USR_58,35.63,"{""payment_method"": ""bank"", ""location"": ""New Eriktown"", ""device"": ""desktop""}",2024-04-30T17:58:00
193,385,,"{""payment_method"": ""card"", ""location"": ""Smithshire"", ""device"": ""tablet""}",2024-03-12T13:30:00
194,117,99.76,"{""payment_method"": ""card"", ""location"": ""Samanthaburgh"", ""device"": ""desktop""}",2024-11-16T13:50:00
195,USR_199,371.42,"{""payment_method"": ""upi"", ""location"": ""South Oliviafurt"", ""device"": ""mobile""}",2024-05-21T11:20:00
196,216,81.25,"{""payment_method"": ""bank"", ""location"": ""Porterberg"", ""device"": ""mobile""}",2024-06-30T20:19:00
197,USR_327,268.37,"{""payment_method"": ""upi"", ""location"": ""New Scott"", ""device"": ""desktop""}",2024-07-12T11:38:00
198,171,13.89,"{""payment_method"": ""bank"", ""location"": ""North Gregory"", ""device"": ""tablet""}",2024-01-14T08:47:00
199,342,89.59,"{""payment_method"": ""bank"", ""location"": ""Tammyland"", ""device"": ""desktop""}",2024-06-13T21:14:00
200,197,375.33,"{""payment_method"": ""upi"", ""location"": ""Port Ruth"", ""device"": ""desktop""}",2024-12-09T09:33:00
201,USR_161,209.1,"{""payment_method"": ""upi"", ""location"": ""Emilyfort"", ""device"": ""tablet""}",2024-03-17T18:25:00
202,USR_414,296.95,"{""payment_method"": ""upi"", ""location"": ""Zacharymouth"", ""device"": ""tablet""}",2024-11-30T14:25:00
203,129,441.38,"{""payment_method"": ""upi"", ""location"": ""Antonioland"", ""device"": ""desktop""}",2024-07-05T07:30:00
204,203,471.34,"{""payment_method"": ""bank"", ""location"": ""North Lisaland"", ""device"": ""mobile""}",2024-02-18T05:03:00
205,311,56.38,"{""payment_method"": ""bank"", ""location"": ""West Brandi"", ""device"": ""tablet""}",2024-12-08T02:34:00
206,USR_83,81.42,"{""payment_method"": ""upi"", ""location"": ""Joanneborough"", ""device"": ""mobile""}",2024-09-24T18:20:00
207,400,57.77,"{""payment_method"": ""card"", ""location"": ""North Patriciamouth"", ""device"": ""tablet""}",2024-08-06T13:10:00
208,134,391.46,"{""payment_method"": ""card"", ""location"": ""Gonzalezview"", ""device"": ""desktop""}",2024-03-07T08:09:00
209,127,205.41,"{""payment_method"": ""upi"", ""location"": ""Bradland"", ""device"": ""desktop""}",2024-08-02T18:05:00
210,282,101.4,"{""payment_method"": ""card"", ""location"": ""Parkbury"", ""device"": ""desktop""}",2024-11-25T09:29:00
211,USR_425,343.45,"{""payment_method"": ""upi"", ""location"": ""Whitneyborough"", ""device"": ""tablet""}",2024-03-26T07:27:00
212,USR_298,179.7,"{""payment_method"": ""upi"", ""location"": ""Randyfurt"", ""device"": ""tablet""}",2024-06-10T09:40:00
213,USR_324,223.36,"{""payment_method"": ""card"", ""location"": ""Johnsonport"", ""device"": ""mobile""}",2024-10-05T19:32:00
214,82,315.47,"{""payment_method"": ""bank"", ""location"": ""Bakerville"", ""device"": ""desktop""}",2024-09-17T16:13:00
215,USR_467,405.55,"{""payment_method"": ""upi"", ""location"": ""North Stevenmouth"", ""device"": ""mobile""}",2024-09-14T07:06:00
216,100,377.53,"{""payment_method"": ""card"", ""location"": ""Port James"", ""device"": ""tablet""}",2024-03-22T23:39:00
217,USR_444,181.69,"{""payment_method"": ""bank"", ""location"": ""Bassshire"", ""device"": ""desktop""}",2024-11-03T22:05:00
218,USR_241,32.36,"{""payment_method"": ""bank"", ""location"": ""Lake Kelsey"", ""device"": ""desktop""}",2024-12-02T09:13:00
219,113,389.19,"{""payment_method"": ""card"", ""location"": ""Pedroburgh"", ""device"": ""tablet""}",2024-05-19T22:51:00
220,USR_475,39.58,"{""payment_method"": ""card"", ""location"": ""East Chrisville"", ""device"": ""mobile""}",2024-03-04T23:16:00
221,174,411.39,"{""payment_method"": ""upi"", ""location"": ""Farmerton"", ""device"": ""desktop""}",2024-11-21T12:54:00
222,USR_296,425.19,"{""payment_method"": ""bank"", ""location"": ""South Jessicastad"", ""device"": ""tablet""}",2024-01-14T05:15:00
223,15,,"{""payment_method"": ""bank"", ""location"": ""Lake Jennifer"", ""device"": ""desktop""}",2024-07-22T02:52:00
224,252,313.67,"{""payment_method"": ""upi"", ""location"": ""Davidton"", ""device"": ""tablet""}",2024-08-10T18:35:00
225,302,460.26,"{""payment_method"": ""card"", ""location"": ""West Noahstad"", ""device"": ""desktop""}",2024-07-21T23:31:00
226,USR_372,358.55,"{""payment_method"": ""card"", ""location"": ""Lake Mary"", ""device"": ""tablet""}",2024-09-22T23:06:00
227,474,196.57,"{""payment_method"": ""card"", ""location"": ""Lake Joshua"", ""device"": ""desktop""}",2024-02-09T14:59:00
228,USR_274,199.0,"{""payment_method"": ""card"", ""location"": ""Port Steven"", ""device"": ""tablet""}",2024-08-13T01:12:00
229,140,46.28,"{""payment_method"": ""upi"", ""location"": ""West Terrytown"", ""device"": ""desktop""}",2024-04-03T07:33:00
230,USR_426,339.99,"{""payment_method"": ""upi"", ""location"": ""Jaimeborough"", ""device"": ""desktop""}",2024-06-18T03:47:00
231,188,27.56,"{""payment_method"": ""card"", ""location"": ""Edwardsshire"", ""device"": ""mobile""}",2024-05-14T04:00:00
232,403,306.79,"{""payment_method"": ""upi"", ""location"": ""New Megan"", ""device"": ""desktop""}",2024-02-03T04:01:00
233,408,256.97,"{""payment_method"": ""card"", ""location"": ""Jennaville"", ""device"": ""desktop""}",2024-02-27T10:55:00
234,295,231.23,"{""payment_method"": ""bank"", ""location"": ""Loveport"", ""device"": ""tablet""}",2024-04-14T06:53:00
235,USR_371,459.01,"{""payment_method"": ""upi"", ""location"": ""Lake Kennethberg"", ""device"": ""tablet""}",2024-09-13T19:13:00
236,393,339.56,"{""payment_method"": ""card"", ""location"": ""West Michael"", ""device"": ""desktop""}",2024-04-13T14:10:00
237,USR_23,,"{""payment_method"": ""upi"", ""location"": ""Wilsontown"", ""device"": ""tablet""}",2024-01-01T01:47:00
238,407,349.36,"{""payment_method"": ""bank"", ""location"": ""Smithberg"", ""device"": ""mobile""}",2024-06-06T04:50:00
239,USR_391,103.74,"{""payment_method"": ""card"", ""location"": ""Gonzaleshaven"", ""device"": ""tablet""}",2024-06-22T05:24:00
240,179,85.06,"{""payment_method"": ""card"", ""location"": ""Karenfurt"", ""device"": ""tablet""}",2024-05-19T03:51:00
241,USR_218,269.21,"{""payment_method"": ""card"", ""location"": ""Davidsonport"", ""device"": ""mobile""}",2024-12-13T20:53:00
242,235,461.37,"{""payment_method"": ""bank"", ""location"": ""New Tommytown"", ""device"": ""desktop""}",2024-10-16T09:24:00
243,168,209.72,"{""payment_method"": ""bank"", ""location"": ""Johnstonshire"", ""device"": ""mobile""}",2024-10-23T10:53:00
244,285,357.56,"{""payment_method"": ""bank"", ""location"": ""North Aaronport"", ""device"": ""mobile""}",2024-08-20T00:10:00
245,USR_277,366.23,"{""payment_method"": ""card"", ""location"": ""Spencestad"", ""device"": ""desktop""}",2024-06-30T23:41:00
246,USR_69,289.2,"{""payment_method"": ""card"", ""location"": ""East Christian"", ""device"": ""mobile""}",2024-06-20T14:33:00
247,221,408.67,"{""payment_method"": ""bank"", ""location"": ""Loganland"", ""device"": ""desktop""}",2024-11-29T05:58:00
248,USR_386,171.69,"{""payment_method"": ""bank"", ""location"": ""Lake Anthonyburgh"", ""device"": ""mobile""}",2024-12-15T22:26:00
249,20,269.74,"{""payment_method"": ""card"", ""location"": ""Reedburgh"", ""device"": ""desktop""}",2024-07-14T09:36:00
250,69,93.78,"{""payment_method"": ""bank"", ""location"": ""Port Jennifer"", ""device"": ""desktop""}",2024-10-29T04:01:00
251,USR_91,186.32,"{""payment_method"": ""bank"", ""location"": ""Maryton"", ""device"": ""mobile""}",2024-10-23T07:50:00
252,USR_2,484.1,"{""payment_method"": ""upi"", ""location"": ""North Douglasstad"", ""device"": ""mobile""}",2024-08-17T15:56:00
253,5,258.55,"{""payment_method"": ""card"", ""location"": ""Port Christopherview"", ""device"": ""mobile""}",2024-10-29T07:18:00
254,USR_381,172.99,"{""payment_method"": ""card"", ""location"": ""Lake April"", ""device"": ""desktop""}",2024-06-18T12:53:00
255,252,188.42,"{""payment_method"": ""bank"", ""location"": ""Lake Mary"", ""device"": ""mobile""}",2024-09-19T15:26:00
256,USR_266,425.42,"{""payment_method"": ""bank"", ""location"": ""Port Alexandershire"", ""device"": ""desktop""}",2024-04-24T10:37:00
257,USR_40,69.26,"{""payment_method"": ""bank"", ""location"": ""Hudsonport"", ""device"": ""tablet""}",2024-05-31T13:51:00
258,USR_412,326.44,"{""payment_method"": ""bank"", ""location"": ""West Glendaview"", ""device"": ""desktop""}",2024-08-04T07:50:00
259,USR_316,,"{""payment_method"": ""upi"", ""location"": ""New Robertberg"", ""device"": ""tablet""}",2024-06-17T05:19:00
260,346,,"{""payment_method"": ""bank"", ""location"": ""North Beckyville"", ""device"": ""tablet""}",2024-04-18T06:16:00
261,206,105.47,"{""payment_method"": ""bank"", ""location"": ""Martinshire"", ""device"": ""tablet""}",2024-02-23T09:34:00
262,USR_250,141.19,"{""payment_method"": ""card"", ""location"": ""New Brendanland"", ""device"": ""tablet""}",2024-12-05T23:09:00
263,USR_285,,"{""payment_method"": ""upi"", ""location"": ""Port Kristine"", ""device"": ""desktop""}",2024-01-08T06:47:00
264,476,319.2,"{""payment_method"": ""bank"", ""location"": ""North Benjaminfort"", ""device"": ""mobile""}",2024-06-02T11:43:00
265,34,413.31,"{""payment_method"": ""bank"", ""location"": ""North Keith"", ""device"": ""mobile""}",2024-03-13T15:24:00
266,158,207.55,"{""payment_method"": ""bank"", ""location"": ""West April"", ""device"": ""desktop""}",2024-10-16T15:10:00
267,20,263.91,"{""payment_method"": ""bank"", ""location"": ""Jasonchester"", ""device"": ""tablet""}",2024-11-27T17:09:00
268,18,436.02,"{""payment_method"": ""bank"", ""location"": ""Port Mia"", ""device"": ""tablet""}",2024-11-18T07:09:00
269,USR_2,,"{""payment_method"": ""bank"", ""location"": ""Oliviaside"", ""device"": ""desktop""}",2024-11-15T04:59:00
270,USR_121,68.98,"{""payment_method"": ""upi"", ""location"": ""Lake Lindsey"", ""device"": ""mobile""}",2024-04-24T07:22:00
271,398,,"{""payment_method"": ""bank"", ""location"": ""South Nicholas"", ""device"": ""desktop""}",2024-11-20T17:25:00
272,14,170.03,"{""payment_method"": ""upi"", ""location"": ""Joshuashire"", ""device"": ""tablet""}",2024-03-12T13:32:00
273,73,349.7,"{""payment_method"": ""bank"", ""location"": ""South Joshua"", ""device"": ""desktop""}",2024-08-21T22:53:00
274,97,89.56,"{""payment_method"": ""card"", ""location"": ""Lyonsview"", ""device"": ""desktop""}",2024-08-25T14:18:00
275,163,,"{""payment_method"": ""upi"", ""location"": ""Collinberg"", ""device"": ""tablet""}",2024-04-14T04:40:00
276,433,258.18,"{""payment_method"": ""card"", ""location"": ""Gomezville"", ""device"": ""tablet""}",2024-09-28T12:15:00
277,USR_431,359.68,"{""payment_method"": ""card"", ""location"": ""Turnerstad"", ""device"": ""tablet""}",2024-07-24T01:33:00
278,347,195.73,"{""payment_method"": ""card"", ""location"": ""South Vanessaton"", ""device"": ""mobile""}",2024-03-19T05:36:00
279,98,289.37,"{""payment_method"": ""bank"", ""location"": ""Richardsonmouth"", ""device"": ""tablet""}",2024-02-29T03:12:00
280,79,413.38,"{""payment_method"": ""bank"", ""location"": ""Jacobchester"", ""device"": ""tablet""}",2024-01-27T04:32:00
281,USR_431,245.77,"{""payment_method"": ""upi"", ""location"": ""New Keith"", ""device"": ""desktop""}",2024-09-20T14:25:00
282,412,467.62,"{""payment_method"": ""bank"", ""location"": ""West Michaelport"", ""device"": ""tablet""}",2024-08-21T23:42:00
283,232,186.23,"{""payment_method"": ""upi"", ""location"": ""East Breannatown"", ""device"": ""tablet""}",2024-05-08T22:14:00
284,USR_491,263.88,"{""payment_method"": ""upi"", ""location"": ""Rogerstown"", ""device"": ""desktop""}",2024-12-14T11:56:00
285,273,281.22,"{""payment_method"": ""bank"", ""location"": ""Davisborough"", ""device"": ""mobile""}",2024-02-09T18:43:00
286,137,304.75,"{""payment_method"": ""upi"", ""location"": ""Port Darryltown"", ""device"": ""mobile""}",2024-11-11T08:20:00
287,USR_61,208.84,"{""payment_method"": ""upi"", ""location"": ""Port Jacquelineburgh"", ""device"": ""tablet""}",2024-12-07T12:14:00
288,294,176.11,"{""payment_method"": ""bank"", ""location"": ""Smithchester"", ""device"": ""desktop""}",2024-04-19T00:06:00
289,86,317.85,"{""payment_method"": ""upi"", ""location"": ""North Joshua"", ""device"": ""desktop""}",2024-03-22T13:23:00
290,USR_327,389.95,"{""payment_method"": ""upi"", ""location"": ""West Leslieland"", ""device"": ""desktop""}",2024-11-07T19:00:00
291,339,69.58,"{""payment_method"": ""upi"", ""location"": ""North Scott"", ""device"": ""desktop""}",2024-11-07T07:12:00
292,USR_395,166.19,"{""payment_method"": ""bank"", ""location"": ""West Elizabethport"", ""device"": ""desktop""}",2024-06-29T09:12:00
293,129,231.3,"{""payment_method"": ""upi"", ""location"": ""South Maryport"", ""device"": ""desktop""}",2024-12-23T05:26:00
294,263,369.77,"{""payment_method"": ""upi"", ""location"": ""Michaelberg"", ""device"": ""desktop""}",2024-02-27T07:04:00
295,USR_395,455.49,"{""payment_method"": ""card"", ""location"": ""Wallaceview"", ""device"": ""tablet""}",2024-08-30T05:55:00
296,476,36.8,"{""payment_method"": ""upi"", ""location"": ""Stephenshire"", ""device"": ""desktop""}",2024-05-14T01:14:00
297,171,405.35,"{""payment_method"": ""bank"", ""location"": ""Davidview"", ""device"": ""desktop""}",2024-06-18T05:46:00
298,USR_176,399.38,"{""payment_method"": ""card"", ""location"": ""Arthurbury"", ""device"": ""tablet""}",2024-04-06T04:21:00
299,266,372.69,"{""payment_method"": ""bank"", ""location"": ""Port Anna"", ""device"": ""mobile""}",2024-06-17T07:59:00
300,USR_435,121.24,"{""payment_method"": ""upi"", ""location"": ""Port Frank"", ""device"": ""mobile""}",2024-12-22T12:07:00
301,68,297.65,"{""payment_method"": ""card"", ""location"": ""Skinnerhaven"", ""device"": ""mobile""}",2024-09-12T06:36:00
302,179,260.48,"{""payment_method"": ""bank"", ""location"": ""Coreychester"", ""device"": ""mobile""}",2024-07-06T09:15:00
303,7,447.23,"{""payment_method"": ""bank"", ""location"": ""North Danielfort"", ""device"": ""tablet""}",2024-11-22T01:42:00
304,263,169.43,"{""payment_method"": ""upi"", ""location"": ""West David"", ""device"": ""desktop""}",2024-08-12T01:24:00
305,206,209.41,"{""payment_method"": ""card"", ""location"": ""Gutierrezview"", ""device"": ""mobile""}",2024-09-30T11:38:00
306,USR_408,417.02,"{""payment_method"": ""card"", ""location"": ""Donnastad"", ""device"": ""tablet""}",2024-03-21T05:44:00
307,USR_130,485.04,"{""payment_method"": ""card"", ""location"": ""Butlerberg"", ""device"": ""tablet""}",2024-10-05T11:00:00
308,278,34.07,"{""payment_method"": ""upi"", ""location"": ""Lindseybury"", ""device"": ""desktop""}",2024-10-10T17:36:00
309,USR_434,498.06,"{""payment_method"": ""bank"", ""location"": ""South Kristin"", ""device"": ""mobile""}",2024-07-28T12:14:00
310,106,167.33,"{""payment_method"": ""upi"", ""location"": ""Hoffmanhaven"", ""device"": ""desktop""}",2024-03-05T14:41:00
311,264,140.2,"{""payment_method"": ""bank"", ""location"": ""Ortizview"", ""device"": ""mobile""}",2024-05-01T04:48:00
312,USR_235,443.54,"{""payment_method"": ""upi"", ""location"": ""Nguyenview"", ""device"": ""tablet""}",2024-09-02T21:52:00
313,USR_433,316.55,"{""payment_method"": ""bank"", ""location"": ""Smithtown"", ""device"": ""mobile""}",2024-03-02T20:39:00
314,USR_213,90.83,"{""payment_method"": ""upi"", ""location"": ""West Markville"", ""device"": ""desktop""}",2024-11-01T17:40:00
315,366,466.0,"{""payment_method"": ""bank"", ""location"": ""North Amber"", ""device"": ""mobile""}",2024-06-20T06:48:00
316,USR_66,387.01,"{""payment_method"": ""bank"", ""location"": ""West Margaretfort"", ""device"": ""mobile""}",2024-04-05T12:45:00
317,186,277.65,"{""payment_method"": ""bank"", ""location"": ""Juliebury"", ""device"": ""tablet""}",2024-01-09T13:48:00
318,129,184.41,"{""payment_method"": ""bank"", ""location"": ""South Michael"", ""device"": ""mobile""}",2024-04-30T14:21:00
319,USR_330,295.26,"{""payment_method"": ""card"", ""location"": ""Edwardsmouth"", ""device"": ""desktop""}",2024-08-18T13:36:00
320,416,12.75,"{""payment_method"": ""bank"", ""location"": ""Wilcoxland"", ""device"": ""desktop""}",2024-12-10T15:13:00
321,21,434.9,"{""payment_method"": ""upi"", ""location"": ""Byrdchester"", ""device"": ""desktop""}",2024-11-30T03:53:00
322,78,,"{""payment_method"": ""bank"", ""location"": ""Natashabury"", ""device"": ""desktop""}",2024-02-07T16:31:00
323,489,128.11,"{""payment_method"": ""bank"", ""location"": ""Adrianland"", ""device"": ""tablet""}",2024-09-07T09:03:00
324,85,393.3,"{""payment_method"": ""upi"", ""location"": ""North Wendyside"", ""device"": ""mobile""}",2024-04-26T16:01:00
325,USR_246,325.61,"{""payment_method"": ""card"", ""location"": ""South Patriciafurt"", ""device"": ""tablet""}",2024-03-17T13:29:00
326,292,437.39,"{""payment_method"": ""upi"", ""location"": ""Port Cassandraland"", ""device"": ""tablet""}",2024-02-11T11:38:00
327,107,133.5,"{""payment_method"": ""upi"", ""location"": ""Millerview"", ""device"": ""tablet""}",2024-02-24T02:09:00
328,USR_112,291.17,"{""payment_method"": ""upi"", ""location"": ""Port Joseph"", ""device"": ""tablet""}",2024-09-14T13:52:00
329,132,158.59,"{""payment_method"": ""card"", ""location"": ""Justinstad"", ""device"": ""mobile""}",2024-03-14T11:02:00
330,462,188.24,"{""payment_method"": ""upi"", ""location"": ""West Martin"", ""device"": ""tablet""}",2024-06-26T03:11:00
331,70,318.02,"{""payment_method"": ""upi"", ""location"": ""Bowmanhaven"", ""device"": ""mobile""}",2024-11-05T15:13:00
332,347,426.26,"{""payment_method"": ""bank"", ""location"": ""East Erin"", ""device"": ""desktop""}",2024-09-09T01:47:00
333,162,168.35,"{""payment_method"": ""card"", ""location"": ""Lake Melanie"", ""device"": ""mobile""}",2024-06-03T16:32:00
334,USR_127,464.91,"{""payment_method"": ""bank"", ""location"": ""Juliemouth"", ""device"": ""mobile""}",2024-05-29T20:21:00
335,416,289.83,"{""payment_method"": ""upi"", ""location"": ""North Debratown"", ""device"": ""desktop""}",2024-06-03T12:35:00
336,31,376.49,"{""payment_method"": ""upi"", ""location"": ""South Tinaborough"", ""device"": ""desktop""}",2024-11-11T15:17:00
337,165,317.32,"{""payment_method"": ""upi"", ""location"": ""North Jenniferchester"", ""device"": ""desktop""}",2024-10-02T16:39:00
338,284,358.55,"{""payment_method"": ""card"", ""location"": ""South Cindy"", ""device"": ""tablet""}",2024-11-18T05:44:00
339,432,472.75,"{""payment_method"": ""upi"", ""location"": ""Natashafort"", ""device"": ""tablet""}",2024-06-11T14:42:00
340,18,288.9,"{""payment_method"": ""bank"", ""location"": ""Beckerburgh"", ""device"": ""desktop""}",2024-04-08T09:23:00
341,USR_365,246.53,"{""payment_method"": ""upi"", ""location"": ""Matthewshire"", ""device"": ""tablet""}",2024-10-24T05:38:00
342,211,285.34,"{""payment_method"": ""card"", ""location"": ""North Marissafort"", ""device"": ""tablet""}",2024-07-03T21:28:00
343,USR_468,36.49,"{""payment_method"": ""upi"", ""location"": ""Wernerchester"", ""device"": ""desktop""}",2024-06-22T04:51:00
344,USR_86,225.69,"{""payment_method"": ""bank"", ""location"": ""Nicolestad"", ""device"": ""desktop""}",2024-09-02T23:05:00
345,277,300.32,"{""payment_method"": ""upi"", ""location"": ""Ryantown"", ""device"": ""tablet""}",2024-12-22T01:29:00
346,288,236.4,"{""payment_method"": ""upi"", ""location"": ""South Lisamouth"", ""device"": ""desktop""}",2024-08-14T03:53:00
347,USR_352,320.02,"{""payment_method"": ""card"", ""location"": ""Lake Jillton"", ""device"": ""desktop""}",2024-08-22T15:18:00
348,440,205.86,"{""payment_method"": ""upi"", ""location"": ""Johnnytown"", ""device"": ""desktop""}",2024-10-07T07:29:00
349,145,76.59,"{""payment_method"": ""upi"", ""location"": ""Velezstad"", ""device"": ""desktop""}",2024-01-16T23:31:00
350,73,465.95,"{""payment_method"": ""bank"", ""location"": ""East Kayla"", ""device"": ""tablet""}",2024-05-25T12:34:00
351,USR_261,452.95,"{""payment_method"": ""bank"", ""location"": ""Jillview"", ""device"": ""mobile""}",2024-02-11T15:56:00
352,312,137.15,"{""payment_method"": ""card"", ""location"": ""Priceburgh"", ""device"": ""tablet""}",2024-02-14T12:46:00
353,206,115.0,"{""payment_method"": ""bank"", ""location"": ""Meghanshire"", ""device"": ""desktop""}",2024-09-20T00:00:00
354,101,144.01,"{""payment_method"": ""bank"", ""location"": ""Parsonston"", ""device"": ""tablet""}",2024-12-02T01:02:00
355,446,413.28,"{""payment_method"": ""upi"", ""location"": ""North Grant"", ""device"": ""desktop""}",2024-04-13T22:07:00
356,10,,"{""payment_method"": ""card"", ""location"": ""Harriston"", ""device"": ""tablet""}",2024-05-18T04:08:00
357,354,402.23,"{""payment_method"": ""card"", ""location"": ""Port Christopher"", ""device"": ""tablet""}",2024-02-21T14:41:00
358,71,397.2,"{""payment_method"": ""upi"", ""location"": ""Port Tammymouth"", ""device"": ""desktop""}",2024-11-05T19:49:00
359,USR_421,71.25,"{""payment_method"": ""upi"", ""location"": ""Williamfurt"", ""device"": ""mobile""}",2024-09-05T09:47:00
360,260,,"{""payment_method"": ""card"", ""location"": ""East Ashley"", ""device"": ""desktop""}",2024-09-04T04:56:00
361,USR_145,281.56,"{""payment_method"": ""upi"", ""location"": ""South Sarah"", ""device"": ""desktop""}",2024-05-12T18:41:00
362,USR_239,372.97,"{""payment_method"": ""card"", ""location"": ""Peterside"", ""device"": ""mobile""}",2024-05-06T22:40:00
363,66,,"{""payment_method"": ""bank"", ""location"": ""Lamberthaven"", ""device"": ""desktop""}",2024-06-09T19:21:00
364,USR_375,140.92,"{""payment_method"": ""upi"", ""location"": ""Jessicahaven"", ""device"": ""tablet""}",2024-01-19T06:41:00
365,66,448.53,"{""payment_method"": ""card"", ""location"": ""Christopherberg"", ""device"": ""tablet""}",2024-01-25T20:19:00
366,77,499.77,"{""payment_method"": ""upi"", ""location"": ""Bryanshire"", ""device"": ""desktop""}",2024-06-14T07:33:00
367,319,446.75,"{""payment_method"": ""upi"", ""location"": ""Jenniferborough"", ""device"": ""desktop""}",2024-05-31T13:15:00
368,395,299.57,"{""payment_method"": ""bank"", ""location"": ""Amandaville"", ""device"": ""mobile""}",2024-11-19T14:05:00
369,USR_129,444.72,"{""payment_method"": ""card"", ""location"": ""Travismouth"", ""device"": ""tablet""}",2024-11-13T17:44:00
370,301,404.56,"{""payment_method"": ""upi"", ""location"": ""Lake Samuel"", ""device"": ""mobile""}",2024-07-29T19:16:00
371,214,484.16,"{""payment_method"": ""card"", ""location"": ""West Dana"", ""device"": ""desktop""}",2024-05-14T06:15:00
372,410,215.94,"{""payment_method"": ""card"", ""location"": ""Lake Michaelburgh"", ""device"": ""mobile""}",2024-05-31T08:13:00
373,436,366.68,"{""payment_method"": ""bank"", ""location"": ""Claireport"", ""device"": ""mobile""}",2024-02-04T19:48:00
374,USR_456,,"{""payment_method"": ""card"", ""location"": ""East Patrickport"", ""device"": ""tablet""}",2024-07-22T21:36:00
375,26,,"{""payment_method"": ""upi"", ""location"": ""Port Danielleshire"", ""device"": ""tablet""}",2024-05-27T06:27:00
376,136,367.34,"{""payment_method"": ""card"", ""location"": ""East Julia"", ""device"": ""desktop""}",2024-09-09T05:26:00
377,USR_225,18.98,"{""payment_method"": ""card"", ""location"": ""New Jessicamouth"", ""device"": ""mobile""}",2024-12-10T06:13:00
378,USR_191,228.47,"{""payment_method"": ""card"", ""location"": ""New David"", ""device"": ""desktop""}",2024-02-26T05:38:00
379,USR_190,314.27,"{""payment_method"": ""upi"", ""location"": ""Port Johnchester"", ""device"": ""desktop""}",2024-12-15T05:00:00
380,USR_229,362.82,"{""payment_method"": ""card"", ""location"": ""Davisview"", ""device"": ""mobile""}",2024-10-29T08:20:00
381,249,430.4,"{""payment_method"": ""bank"", ""location"": ""Matatown"", ""device"": ""tablet""}",2024-06-15T22:42:00
382,USR_358,475.22,"{""payment_method"": ""card"", ""location"": ""Foleybury"", ""device"": ""desktop""}",2024-05-01T03:47:00
383,232,280.81,"{""payment_method"": ""card"", ""location"": ""Williamstad"", ""device"": ""mobile""}",2024-06-07T00:47:00
384,USR_341,412.02,"{""payment_method"": ""card"", ""location"": ""New Jack"", ""device"": ""tablet""}",2024-04-28T21:46:00
385,479,76.35,"{""payment_method"": ""bank"", ""location"": ""New Sarahfort"", ""device"": ""desktop""}",2024-09-05T03:06:00
386,USR_484,138.59,"{""payment_method"": ""card"", ""location"": ""New Cory"", ""device"": ""desktop""}",2024-11-14T06:47:00
387,USR_6,421.4,"{""payment_method"": ""upi"", ""location"": ""South Matthew"", ""device"": ""mobile""}",2024-02-20T22:23:00
388,358,106.14,"{""payment_method"": ""bank"", ""location"": ""Elizabethside"", ""device"": ""mobile""}",2024-03-20T00:51:00
389,79,67.85,"{""payment_method"": ""upi"", ""location"": ""North Daniel"", ""device"": ""desktop""}",2024-10-16T13:29:00
390,33,420.6,"{""payment_method"": ""card"", ""location"": ""North Annafurt"", ""device"": ""desktop""}",2024-02-20T09:30:00
391,209,,"{""payment_method"": ""card"", ""location"": ""East Veronica"", ""device"": ""mobile""}",2024-12-27T13:09:00
392,29,166.91,"{""payment_method"": ""bank"", ""location"": ""Lake Brandon"", ""device"": ""tablet""}",2024-08-04T10:38:00
393,396,459.17,"{""payment_method"": ""card"", ""location"": ""North Jeromeburgh"", ""device"": ""desktop""}",2024-12-24T02:38:00
394,USR_219,,"{""payment_method"": ""bank"", ""location"": ""North Jeffrey"", ""device"": ""desktop""}",2024-12-16T15:51:00
395,USR_449,155.97,"{""payment_method"": ""upi"", ""location"": ""Pricefort"", ""device"": ""desktop""}",2024-02-23T05:46:00
396,USR_188,291.7,"{""payment_method"": ""upi"", ""location"": ""Maryville"", ""device"": ""mobile""}",2024-01-21T18:10:00
397,419,15.1,"{""payment_method"": ""bank"", ""location"": ""South Melissa"", ""device"": ""desktop""}",2024-10-08T02:42:00
398,184,,"{""payment_method"": ""bank"", ""location"": ""North Alicia"", ""device"": ""tablet""}",2024-04-29T22:22:00
399,358,190.42,"{""payment_method"": ""bank"", ""location"": ""Herrerabury"", ""device"": ""desktop""}",2024-03-01T20:36:00
400,199,100.26,"{""payment_method"": ""upi"", ""location"": ""Garzaburgh"", ""device"": ""tablet""}",2024-08-13T12:12:00
401,USR_315,195.03,"{""payment_method"": ""bank"", ""location"": ""Cookview"", ""device"": ""tablet""}",2024-08-07T00:27:00
402,USR_493,15.83,"{""payment_method"": ""card"", ""location"": ""Scotttown"", ""device"": ""desktop""}",2024-10-22T04:07:00
403,356,363.37,"{""payment_method"": ""card"", ""location"": ""Lake Robinburgh"", ""device"": ""tablet""}",2024-11-07T17:33:00
404,406,377.94,"{""payment_method"": ""bank"", ""location"": ""Blevinsbury"", ""device"": ""tablet""}",2024-03-19T14:24:00
405,110,141.71,"{""payment_method"": ""upi"", ""location"": ""Beckerchester"", ""device"": ""tablet""}",2024-07-21T16:41:00
406,USR_444,439.02,"{""payment_method"": ""bank"", ""location"": ""Maryhaven"", ""device"": ""mobile""}",2024-12-23T03:57:00
407,128,333.35,"{""payment_method"": ""upi"", ""location"": ""Edwardschester"", ""device"": ""mobile""}",2024-02-05T19:16:00
408,162,446.74,"{""payment_method"": ""upi"", ""location"": ""Arnoldville"", ""device"": ""mobile""}",2024-02-02T01:35:00
409,370,208.5,"{""payment_method"": ""upi"", ""location"": ""Melissachester"", ""device"": ""tablet""}",2024-07-23T17:04:00
410,287,449.21,"{""payment_method"": ""card"", ""location"": ""Kingview"", ""device"": ""mobile""}",2024-11-05T16:26:00
411,USR_399,231.42,"{""payment_method"": ""bank"", ""location"": ""Joyceville"", ""device"": ""mobile""}",2024-11-22T15:36:00
412,USR_390,309.25,"{""payment_method"": ""upi"", ""location"": ""Randymouth"", ""device"": ""mobile""}",2024-11-10T00:23:00
413,USR_72,330.03,"{""payment_method"": ""bank"", ""location"": ""West Kevin"", ""device"": ""tablet""}",2024-07-05T06:01:00
414,121,245.68,"{""payment_method"": ""bank"", ""location"": ""East Deborahborough"", ""device"": ""mobile""}",2024-05-21T12:29:00
415,403,312.08,"{""payment_method"": ""upi"", ""location"": ""South Franciscoshire"", ""device"": ""tablet""}",2024-01-27T18:03:00
416,USR_135,482.3,"{""payment_method"": ""upi"", ""location"": ""West Linda"", ""device"": ""tablet""}",2024-01-27T23:23:00
417,25,,"{""payment_method"": ""card"", ""location"": ""Lisabury"", ""device"": ""tablet""}",2024-12-07T15:14:00
418,USR_495,390.29,"{""payment_method"": ""upi"", ""location"": ""Richardsonville"", ""device"": ""tablet""}",2024-07-16T18:22:00
419,USR_153,,"{""payment_method"": ""card"", ""location"": ""Arthurview"", ""device"": ""tablet""}",2024-11-15T09:12:00
420,256,,"{""payment_method"": ""bank"", ""location"": ""Hoview"", ""device"": ""mobile""}",2024-08-10T19:16:00
421,USR_19,425.44,"{""payment_method"": ""card"", ""location"": ""Osborneberg"", ""device"": ""tablet""}",2024-03-25T02:35:00
422,277,215.73,"{""payment_method"": ""card"", ""location"": ""Nicholasland"", ""device"": ""tablet""}",2024-09-12T13:05:00
423,USR_353,315.56,"{""payment_method"": ""upi"", ""location"": ""East Raymond"", ""device"": ""desktop""}",2024-06-16T00:47:00
424,273,351.24,"{""payment_method"": ""card"", ""location"": ""Popeborough"", ""device"": ""desktop""}",2024-11-16T18:18:00
425,USR_67,199.52,"{""payment_method"": ""upi"", ""location"": ""New Kenneth"", ""device"": ""mobile""}",2024-10-01T10:16:00
426,431,468.44,"{""payment_method"": ""card"", ""location"": ""East Timothy"", ""device"": ""desktop""}",2024-08-16T08:06:00
427,365,,"{""payment_method"": ""card"", ""location"": ""Guerraville"", ""device"": ""tablet""}",2024-07-16T23:56:00
428,USR_282,78.39,"{""payment_method"": ""bank"", ""location"": ""Dunnville"", ""device"": ""tablet""}",2024-10-10T13:19:00
429,USR_477,69.05,"{""payment_method"": ""card"", ""location"": ""South Michael"", ""device"": ""desktop""}",2024-12-30T08:41:00
430,81,461.48,"{""payment_method"": ""card"", ""location"": ""Millsfurt"", ""device"": ""tablet""}",2024-01-20T13:09:00
431,295,327.49,"{""payment_method"": ""bank"", ""location"": ""Lake Joshua"", ""device"": ""mobile""}",2024-01-07T10:44:00
432,170,,"{""payment_method"": ""upi"", ""location"": ""Aguirreland"", ""device"": ""desktop""}",2024-02-14T16:08:00
433,455,,"{""payment_method"": ""bank"", ""location"": ""Elizabethfurt"", ""device"": ""tablet""}",2024-05-23T15:10:00
434,478,487.0,"{""payment_method"": ""upi"", ""location"": ""South Dustin"", ""device"": ""mobile""}",2024-10-15T16:04:00
435,341,425.8,"{""payment_method"": ""bank"", ""location"": ""Williamstad"", ""device"": ""tablet""}",2024-02-13T16:40:00
436,375,207.82,"{""payment_method"": ""upi"", ""location"": ""Haleshire"", ""device"": ""mobile""}",2024-02-28T01:11:00
437,187,356.03,"{""payment_method"": ""upi"", ""location"": ""Kathleenmouth"", ""device"": ""mobile""}",2024-06-23T11:38:00
438,181,,"{""payment_method"": ""upi"", ""location"": ""Michaelshire"", ""device"": ""mobile""}",2024-11-14T10:47:00
439,268,20.49,"{""payment_method"": ""upi"", ""location"": ""New Stevenville"", ""device"": ""mobile""}",2024-12-12T20:50:00
440,189,341.91,"{""payment_method"": ""upi"", ""location"": ""North Michaelshire"", ""device"": ""desktop""}",2024-08-04T17:13:00
441,USR_218,,"{""payment_method"": ""upi"", ""location"": ""Jameschester"", ""device"": ""tablet""}",2024-08-04T11:26:00
442,USR_311,250.8,"{""payment_method"": ""bank"", ""location"": ""Hallton"", ""device"": ""desktop""}",2024-12-16T21:33:00
443,4,140.31,"{""payment_method"": ""bank"", ""location"": ""Port Danafort"", ""device"": ""mobile""}",2024-10-28T17:34:00
444,271,299.24,"{""payment_method"": ""card"", ""location"": ""Walkerville"", ""device"": ""mobile""}",2024-05-17T16:25:00
445,71,381.01,"{""payment_method"": ""bank"", ""location"": ""North Michellefurt"", ""device"": ""tablet""}",2024-11-30T09:10:00
446,145,426.15,"{""payment_method"": ""bank"", ""location"": ""West Kevin"", ""device"": ""tablet""}",2024-12-07T06:14:00
447,468,308.85,"{""payment_method"": ""upi"", ""location"": ""East Tiffanyland"", ""device"": ""tablet""}",2024-06-17T12:43:00
448,334,137.98,"{""payment_method"": ""card"", ""location"": ""West Ryanfurt"", ""device"": ""mobile""}",2024-09-19T10:21:00
449,423,199.35,"{""payment_method"": ""upi"", ""location"": ""Louismouth"", ""device"": ""desktop""}",2024-11-26T05:06:00
450,USR_390,444.74,"{""payment_method"": ""upi"", ""location"": ""Port Suzanne"", ""device"": ""tablet""}",2024-11-12T10:36:00
451,271,230.37,"{""payment_method"": ""upi"", ""location"": ""North Tinastad"", ""device"": ""mobile""}",2024-09-16T04:57:00
452,130,203.13,"{""payment_method"": ""card"", ""location"": ""Angelview"", ""device"": ""tablet""}",2024-10-29T01:53:00
453,USR_350,71.46,"{""payment_method"": ""bank"", ""location"": ""Blakechester"", ""device"": ""mobile""}",2024-01-28T02:22:00
454,454,118.95,"{""payment_method"": ""upi"", ""location"": ""West Brittany"", ""device"": ""mobile""}",2024-10-19T07:43:00
455,112,392.35,"{""payment_method"": ""upi"", ""location"": ""Ellisonborough"", ""device"": ""desktop""}",2024-05-10T06:49:00
456,61,145.81,"{""payment_method"": ""bank"", ""location"": ""Dodsonshire"", ""device"": ""tablet""}",2024-10-21T07:22:00
457,USR_379,198.0,"{""payment_method"": ""upi"", ""location"": ""Jessicamouth"", ""device"": ""mobile""}",2024-03-11T03:24:00
458,178,157.7,"{""payment_method"": ""upi"", ""location"": ""Lake Nicolestad"", ""device"": ""mobile""}",2024-12-24T17:47:00
459,USR_50,433.53,"{""payment_method"": ""card"", ""location"": ""Nicholston"", ""device"": ""desktop""}",2024-07-21T23:31:00
460,USR_23,155.14,"{""payment_method"": ""bank"", ""location"": ""West Katie"", ""device"": ""tablet""}",2024-07-04T03:33:00
461,467,227.53,"{""payment_method"": ""bank"", ""location"": ""New Kennethfurt"", ""device"": ""mobile""}",2024-03-06T17:29:00
462,70,72.06,"{""payment_method"": ""upi"", ""location"": ""Lake Robertshire"", ""device"": ""mobile""}",2024-02-25T14:27:00
463,125,458.79,"{""payment_method"": ""bank"", ""location"": ""Joshualand"", ""device"": ""tablet""}",2024-05-30T04:59:00
464,100,278.35,"{""payment_method"": ""upi"", ""location"": ""Robertsmouth"", ""device"": ""mobile""}",2024-11-02T23:24:00
465,327,339.65,"{""payment_method"": ""bank"", ""location"": ""Port Kyle"", ""device"": ""mobile""}",2024-07-03T09:05:00
466,489,315.69,"{""payment_method"": ""card"", ""location"": ""Westbury"", ""device"": ""tablet""}",2024-01-25T14:10:00
467,416,306.15,"{""payment_method"": ""card"", ""location"": ""Heatherton"", ""device"": ""mobile""}",2024-10-26T17:52:00
468,455,488.68,"{""payment_method"": ""card"", ""location"": ""North Debbieburgh"", ""device"": ""desktop""}",2024-05-18T00:47:00
469,54,229.15,"{""payment_method"": ""upi"", ""location"": ""Diazhaven"", ""device"": ""desktop""}",2024-11-22T20:32:00
470,USR_125,401.73,"{""payment_method"": ""bank"", ""location"": ""Port Annahaven"", ""device"": ""mobile""}",2024-04-27T10:42:00
471,442,102.94,"{""payment_method"": ""card"", ""location"": ""East Nicholas"", ""device"": ""tablet""}",2024-07-23T15:37:00
472,390,403.26,"{""payment_method"": ""bank"", ""location"": ""New Donnamouth"", ""device"": ""desktop""}",2024-11-26T14:51:00
473,USR_283,110.64,"{""payment_method"": ""upi"", ""location"": ""Lake Lisaborough"", ""device"": ""tablet""}",2024-03-03T07:50:00
474,268,283.9,"{""payment_method"": ""card"", ""location"": ""Lake Matthew"", ""device"": ""mobile""}",2024-07-15T00:11:00
475,361,,"{""payment_method"": ""card"", ""location"": ""Bensonview"", ""device"": ""desktop""}",2024-01-15T03:31:00
476,160,225.49,"{""payment_method"": ""upi"", ""location"": ""Kaylaberg"", ""device"": ""desktop""}",2024-05-17T02:39:00
477,USR_383,192.81,"{""payment_method"": ""upi"", ""location"": ""West Mary"", ""device"": ""tablet""}",2024-09-25T01:38:00
478,85,139.56,"{""payment_method"": ""bank"", ""location"": ""North Ethan"", ""device"": ""desktop""}",2024-02-03T15:24:00
479,153,82.48,"{""payment_method"": ""card"", ""location"": ""West Peter"", ""device"": ""desktop""}",2024-07-29T21:44:00
480,44,93.33,"{""payment_method"": ""bank"", ""location"": ""North Lauraville"", ""device"": ""tablet""}",2024-12-18T09:43:00
481,118,312.26,"{""payment_method"": ""upi"", ""location"": ""Lake Mary"", ""device"": ""tablet""}",2024-02-03T12:08:00
482,USR_346,243.51,"{""payment_method"": ""bank"", ""location"": ""South Katherine"", ""device"": ""tablet""}",2024-11-04T00:20:00
483,291,282.05,"{""payment_method"": ""upi"", ""location"": ""Port John"", ""device"": ""desktop""}",2024-12-11T05:50:00
484,USR_353,417.08,"{""payment_method"": ""bank"", ""location"": ""West Bradley"", ""device"": ""mobile""}",2024-02-19T07:38:00
485,337,274.04,"{""payment_method"": ""upi"", ""location"": ""West Samuel"", ""device"": ""tablet""}",2024-01-25T19:33:00
486,USR_192,,"{""payment_method"": ""upi"", ""location"": ""East Michelle"", ""device"": ""mobile""}",2024-04-17T14:11:00
487,USR_228,439.69,"{""payment_method"": ""bank"", ""location"": ""South Jesse"", ""device"": ""mobile""}",2024-08-23T03:02:00
488,23,40.77,"{""payment_method"": ""bank"", ""location"": ""North Frankshire"", ""device"": ""desktop""}",2024-04-15T19:31:00
489,353,109.35,"{""payment_method"": ""bank"", ""location"": ""Stevensbury"", ""device"": ""desktop""}",2024-02-12T22:59:00
490,246,275.57,"{""payment_method"": ""card"", ""location"": ""Raymondshire"", ""device"": ""desktop""}",2024-08-01T04:34:00
491,USR_41,29.08,"{""payment_method"": ""upi"", ""location"": ""Riverachester"", ""device"": ""tablet""}",2024-09-25T16:50:00
492,USR_302,,"{""payment_method"": ""bank"", ""location"": ""Proctorhaven"", ""device"": ""desktop""}",2024-03-02T04:42:00
493,381,46.19,"{""payment_method"": ""bank"", ""location"": ""North Richard"", ""device"": ""desktop""}",2024-04-18T17:15:00
494,250,59.31,"{""payment_method"": ""bank"", ""location"": ""Grantshire"", ""device"": ""mobile""}",2024-12-16T09:22:00
495,430,243.42,"{""payment_method"": ""upi"", ""location"": ""Lake Pamela"", ""device"": ""tablet""}",2024-06-19T19:39:00
496,USR_324,296.66,"{""payment_method"": ""bank"", ""location"": ""Johnsonstad"", ""device"": ""mobile""}",2024-09-13T23:53:00
497,USR_168,470.78,"{""payment_method"": ""bank"", ""location"": ""South Devin"", ""device"": ""tablet""}",2024-12-26T01:57:00
498,USR_3,176.77,"{""payment_method"": ""bank"", ""location"": ""East Gabriel"", ""device"": ""desktop""}",2024-12-10T06:31:00
499,USR_79,146.05,"{""payment_method"": ""upi"", ""location"": ""Whitebury"", ""device"": ""tablet""}",2024-11-25T07:30:00
