user_id,name,email,signup_date,status
0,Allison Hill,,24/11/2021,active
USR_1,Brian Yang,garzaanthony@example.org,11-10-2021,suspended
2,Lance Hoffman,,02/02/2026,active
USR_3,Kimberly Robinson,lisa02@example.net,08-06-2023,suspended
USR_4,Christopher Bernard,curtis61@example.com,12-04-2022,suspended
5,Renee Blair,dudleynicholas@example.net,06-29-2022,inactive
6,Lisa Hensley,,2024-11-28,suspended
7,Benjamin Stanley,tracie31@example.com,2022-05-13,inactive
USR_8,Roy Martin,jason41@example.net,26/05/2025,inactive
9,Nicholas Martin,onelson@example.net,09-26-2024,inactive
10,Frederick Tate,perezantonio@example.com,31/05/2023,active
11,Daniel Hahn,jason76@example.net,11-26-2023,inactive
12,Charles Mcgee,julie69@example.com,2023-01-29,suspended
USR_13,Zachary Hicks,camposmichelle@example.org,2025-05-03,active
14,Michael Carlson,djames@example.net,20/02/2022,suspended
15,Shannon Smith,maldonadoamanda@example.com,14/06/2025,active
16,Edward Moore,mckaynancy@example.com,04-04-2024,suspended
USR_17,Katie Rodriguez,meagan89@example.org,04-19-2021,suspended
USR_18,Christopher Ashley,georgetracy@example.org,01/02/2023,suspended
19,Sandra Parker,allenashley@example.org,23/09/2020,active
USR_20,Rose Spence,,13/07/2024,inactive
USR_21,Betty Alvarez,josephbrennan@example.com,10-20-2021,suspended
22,Nicole Vaughn,raymond57@example.net,03/11/2023,suspended
23,Danny Morgan,briannasmith@example.net,2025-05-14,suspended
24,Austin Johnson,chad34@example.net,02-17-2024,inactive
25,Carlos Walls,esanchez@example.com,2021-08-14,active
26,Matthew Gomez,,2023-07-01,active
USR_27,Nicholas Nunez,brownjessica@example.org,02-11-2022,inactive
28,Joshua Taylor,joshuawright@example.org,10-08-2023,inactive
29,Savannah Garcia,novaksara@example.org,2021-05-31,suspended
30,John Hancock,martinaaron@example.com,04-03-2022,inactive
31,Rachel Mitchell,smoore@example.org,30/06/2020,inactive
USR_32,Kimberly Adkins,,06-26-2020,suspended
USR_33,John Calhoun,brianromero@example.org,2020-07-31,suspended
34,Megan Young,davidashley@example.net,21/01/2025,suspended
35,Bradley Sandoval,sarah35@example.org,05/04/2022,active
36,Michael Evans,sarah10@example.com,04-13-2025,active
37,Dr. Angel Lewis MD,nicole35@example.com,2021-05-05,inactive
38,Joshua Turner,contrerasangela@example.net,17/11/2020,active
USR_39,Brandy Wilson,newtoneric@example.com,2025-02-22,active
40,Grant Watts,william40@example.org,05-24-2025,active
USR_41,Donald Smith,danagreen@example.net,10-04-2023,active
USR_42,Jessica Smith,landryhannah@example.org,22/08/2024,active
43,Jacob Tran,tanderson@example.com,05-03-2020,active
44,Christine Wright,gomezanita@example.com,04-12-2025,suspended
45,Tammy Young,theresacochran@example.com,18/03/2020,active
USR_46,Tim Patton,,2023-07-03,suspended
47,Sharon Cochran,erik16@example.org,2024-01-02,active
48,Robert Stevens,,2022-08-06,active
49,Shelby Walker,,2025-08-12,inactive
50,Garrett Lin,michael86@example.net,2024-07-23,suspended
51,Alexander Wiley,gregory40@example.org,27/01/2025,active
52,Nicholas Edwards,cruzbarbara@example.com,2020-05-17,active
USR_53,April Frost,michaeljones@example.net,22/10/2022,inactive
54,Mary Martinez,william65@example.com,12-06-2025,suspended
55,Cameron Fisher,,23/03/2023,suspended
56,Stephanie Gilbert,richard04@example.com,2021-10-15,active
USR_57,Kevin Pena,rramos@example.org,07/05/2024,active
USR_58,Steven Flynn,donnacampbell@example.net,2025-05-20,inactive
59,Anna Crane,emilywalker@example.org,2021-04-02,active
60,David Alvarez,gibsonolivia@example.net,2021-08-27,active
61,Janet Ross,dianasmith@example.org,2023-08-13,inactive
62,Robert Dominguez,pwilliams@example.org,19/11/2023,active
USR_63,John Schmidt,,02/10/2024,inactive
64,Tiffany Vance,jrivas@example.com,09/05/2021,inactive
65,Karen Green,maryramirez@example.net,02-14-2024,suspended
66,Denise Jones,jimmy55@example.net,07/09/2020,active
67,David Benson,calebrussell@example.net,12-18-2023,active
68,Daniel Fisher,,12-19-2024,inactive
69,Alicia Gilmore,wwoods@example.com,2023-04-26,active
70,Tiffany Barnes,,2026-04-01,active
71,Lindsey Walker,joshuatucker@example.com,2022-11-10,inactive
USR_72,Rebecca Ramsey,ncalhoun@example.net,2020-03-24,suspended
73,Leslie Alvarado,dayderek@example.com,18/07/2021,suspended
74,James Lewis,matthew64@example.com,22/02/2022,active
75,Julie Curry,cookemichael@example.net,01/08/2020,inactive
USR_76,Marissa Webster,jamessmith@example.org,11/01/2022,inactive
77,Michael Elliott,stevenscott@example.com,2021-06-05,inactive
78,Tracey Higgins,tamirodriguez@example.org,2022-08-27,active
79,Susan Brooks,charlesvaughn@example.net,2022-01-24,inactive
80,Raymond Jefferson,hoganashlee@example.org,14/12/2022,inactive
USR_81,Mary Jones,alexander67@example.org,09-08-2023,inactive
82,Madison Poole,ryangross@example.net,04-19-2022,suspended
USR_83,Tamara Hampton,ugraham@example.net,13/04/2022,suspended
USR_84,David Michael,nicole37@example.net,11/03/2025,active
85,Gabrielle Snyder,hunter35@example.com,2022-11-23,inactive
USR_86,Kyle Beard,blackjames@example.org,15/02/2026,active
87,Justin Allen,fbrewer@example.com,02-23-2020,inactive
USR_88,Daniel Holt,elizabeth57@example.net,2024-07-07,active
89,Zachary Pierce,jacqueline44@example.com,2021-12-17,active
90,Corey Wilson,jamesrodgers@example.com,01/03/2026,active
91,Paige Carlson,wallkenneth@example.com,11/07/2021,suspended
USR_92,Michael Martinez,,05-21-2020,active
93,Kristen Terry,danamullins@example.org,02-08-2020,suspended
USR_94,Julie Alexander,tammyking@example.com,20/12/2020,inactive
95,Jennifer Jones,hernandezlisa@example.com,2020-09-21,inactive
USR_96,Bailey Duran DDS,kimberlyjames@example.com,2022-07-12,inactive
97,Wanda Torres,lynchjody@example.org,27/04/2025,suspended
98,Matthew Moore,andreamoore@example.com,2023-10-31,active
99,Julie Johnson,jasmine71@example.net,26/12/2021,active
USR_100,Rachel Weber,ronaldstephens@example.net,07/04/2021,suspended
101,Samantha Jones,lauralarson@example.net,15/06/2022,active
102,John Torres,gbender@example.net,2024-03-14,inactive
USR_103,Kyle Preston,cassandra01@example.org,25/09/2025,inactive
104,Laura Sampson,barbara27@example.net,2025-07-17,active
USR_105,Donald Shea,fwalters@example.org,31/12/2023,inactive
106,Gary Santiago,marksteele@example.com,20/08/2025,inactive
107,Robin Pierce,qmiller@example.com,12-26-2020,inactive
108,Jennifer Robertson,sandovalamy@example.com,17/06/2020,active
109,Isaiah Avila,nwolf@example.com,2024-09-02,active
110,Dwayne Gilmore,omartinez@example.net,13/01/2022,inactive
111,Emily Smith,hdavis@example.com,30/12/2020,suspended
USR_112,Brittany Cantu,,25/06/2022,active
113,Denise Davenport,jsanchez@example.org,04-06-2023,suspended
114,Kyle Francis,michellehill@example.com,2022-11-21,inactive
115,Katie Hoover,jessica99@example.net,01/03/2024,suspended
116,Jill Washington,andrea86@example.com,09-26-2022,inactive
117,Veronica Allen,xhall@example.com,15/05/2020,inactive
118,John Mcintyre,qhughes@example.net,2021-04-17,inactive
119,Andrew Shaw MD,sawyerscott@example.net,11-20-2023,active
120,Charles Pitts,charlesharrington@example.com,11-17-2022,active
121,Jennifer Miller,melissa86@example.com,05-01-2025,suspended
122,Olivia Brennan,williamsonjimmy@example.net,11/06/2022,suspended
USR_123,Nicole Hamilton MD,wallaceheather@example.org,05-22-2020,active
124,Anthony Howard,hthomas@example.com,10-24-2024,suspended
125,Catherine Thompson,,2025-03-08,suspended
126,Lisa Allen,jesselittle@example.com,2022-03-04,active
USR_127,Stephanie Marshall,erica21@example.com,12-09-2022,active
128,Elizabeth Hayden DDS,mbruce@example.com,02-10-2024,active
129,James Howard,victoria40@example.net,14/05/2023,active
USR_130,Keith Jennings,lozanojulie@example.com,2021-12-15,inactive
USR_131,Heather Fields,erica21@example.net,07-01-2025,suspended
132,Richard Johnson,jessica14@example.com,2023-07-14,inactive
USR_133,Carlos Ryan,alyssa42@example.com,02-06-2024,suspended
134,Elizabeth Harrell,mcdonaldcharles@example.org,02/10/2025,suspended
135,Veronica Coffey,christopher60@example.com,25/07/2024,suspended
136,Jacob Curry,brenda51@example.net,27/12/2021,inactive
USR_137,Manuel Hahn,rose31@example.net,12-13-2023,inactive
138,Elizabeth Ortiz,brandonjohnson@example.com,12-26-2020,active
USR_139,Stephen Taylor,,10/11/2023,active
USR_140,Travis Horton,umatthews@example.org,07-13-2023,active
USR_141,Sandra Gilbert,antonio53@example.com,10-13-2023,active
142,Savannah Garcia,,31/10/2025,inactive
143,Steven Newman,sandersjames@example.org,2023-11-13,inactive
144,Daniel Fowler,williamsmatthew@example.org,10-20-2024,active
145,Ronald Spencer,lisahall@example.org,25/01/2025,inactive
USR_146,Scott Thomas,amberlindsey@example.org,15/08/2025,inactive
147,Bonnie Howard,briannasmith@example.com,06-11-2020,active
148,Jason Wilson,alvarezkimberly@example.net,18/01/2025,active
149,Jonathan Dougherty,acostaregina@example.net,08/06/2024,suspended
USR_150,Mason Johnson,bboone@example.net,2020-12-01,suspended
151,Theodore Jones Jr.,cameronhill@example.net,12-23-2024,suspended
152,Erika Vang,,06/07/2024,active
153,Jonathan Jordan,farrelldebra@example.net,17/02/2026,inactive
154,Jessica Beasley,dmorgan@example.com,16/07/2023,inactive
USR_155,Emily Edwards,nicholas27@example.org,10/10/2020,inactive
156,Anna Davis,lisa80@example.net,10-10-2024,suspended
USR_157,Meagan Jenkins,uparrish@example.org,2022-06-12,suspended
USR_158,Heather Lane,ericolson@example.org,2022-12-23,active
159,Holly Farmer,lindsaybruce@example.net,2025-03-21,suspended
USR_160,Kristin Lynch,anthony44@example.com,12-26-2022,active
161,Sergio Knight,vjones@example.net,04-05-2020,inactive
162,Joseph Bennett,xpeterson@example.com,02-19-2026,suspended
163,Todd Carlson,moorekaren@example.org,2025-09-24,inactive
USR_164,Jeremy Coleman,,01/03/2025,suspended
165,Donald Fischer,reeddaniel@example.net,08/10/2025,suspended
USR_166,Kelsey Parker,randallgreene@example.org,09-27-2021,active
USR_167,Daniel Taylor,keith10@example.com,08-30-2023,suspended
168,James Padilla,charles06@example.org,11-29-2023,active
169,Shannon Johnston,amckinney@example.com,23/12/2020,active
170,Vincent Jackson,xcollier@example.org,18/09/2023,inactive
USR_171,Dana Chapman,fosterkyle@example.com,11-19-2021,inactive
172,Christopher Dixon,schmidtjames@example.com,12-26-2022,suspended
173,Sabrina Briggs,curtisscott@example.org,02-14-2025,inactive
174,Peter Jones,kmarshall@example.net,10-26-2023,inactive
175,Sonia Day,michelle52@example.com,2020-07-31,inactive
176,Mark Hogan,bellcharles@example.com,05/11/2023,suspended
177,Jacob Mitchell,gilbertwilliam@example.com,2024-12-08,inactive
178,Rebecca Huang,kstout@example.net,2021-08-07,inactive
179,John Hernandez,hayeslisa@example.com,01-28-2026,suspended
180,Matthew Williams,hritter@example.net,03-09-2025,active
USR_181,Jake Campbell,rschroeder@example.net,11/06/2020,suspended
182,Maria Jones,grantpaul@example.com,02-26-2026,suspended
183,Tracey Morrison,mathewaguilar@example.org,2022-12-22,inactive
USR_184,Matthew Bates,brookehurley@example.com,02/10/2024,suspended
185,Rickey Li,lucasrodney@example.com,02-26-2020,inactive
186,Christopher Lewis,ilee@example.org,27/08/2020,inactive
187,Richard Romero,stanleynancy@example.net,11/02/2021,active
USR_188,Brittany White,jenniferwilliams@example.com,2025-10-02,suspended
189,Tracy Bishop,pyoung@example.com,2023-12-28,active
USR_190,Cheyenne Gregory,smurray@example.com,04-11-2024,suspended
191,Tracy Montoya,moniquewilliams@example.com,27/02/2023,active
192,Ashley Singleton,mitchellkathryn@example.com,27/10/2023,active
193,Brittany Kim,lisawilkerson@example.org,2023-07-13,inactive
USR_194,Jonathan Young,,10/09/2020,suspended
195,Alfred Galvan,lacey20@example.com,07/01/2024,active
196,Brenda Thornton,fgilbert@example.org,06/03/2022,inactive
197,Chase Bentley,srodriguez@example.org,2022-07-24,inactive
198,David Fowler,fbrown@example.net,2024-07-23,inactive
199,Jose Allen,kellysmith@example.com,01-17-2022,active
USR_200,Chelsea Barnett,carlos88@example.net,26/04/2024,active
201,Jeanette Harrison,qzavala@example.net,20/02/2020,suspended
202,Austin Allen,ingramjill@example.com,02-18-2021,inactive
203,Joshua Li,mariacohen@example.net,01-26-2024,inactive
204,Robin Brown,mjohnson@example.org,09-11-2021,suspended
USR_205,Emily Collins,ihays@example.com,02-26-2022,active
USR_206,Matthew Mitchell,,2020-05-28,active
207,Evelyn Martinez,samuel67@example.com,19/11/2022,inactive
208,Kathleen Jimenez,laurie61@example.com,2025-02-14,active
USR_209,Catherine Carter MD,donna47@example.net,07/02/2026,active
210,Michael Bell,acostarhonda@example.net,09-13-2023,suspended
211,William Gould,lambertrichard@example.net,11/10/2025,active
212,Andre Allison,ejohnson@example.org,27/06/2025,active
USR_213,James Bradley,erikarush@example.com,11/10/2023,suspended
214,Laura Moreno,redwards@example.org,18/12/2020,inactive
USR_215,Cody Holmes,greenjorge@example.com,10-28-2021,inactive
216,Donna Hendricks DDS,taylorcharles@example.org,25/01/2026,inactive
USR_217,Brandon Fleming,,19/09/2022,suspended
218,Michelle Pierce,patricia22@example.com,2024-04-29,active
219,William Conner,kristyjohnson@example.net,11-13-2024,suspended
220,Robert Arnold,jonesraymond@example.net,02-11-2026,inactive
221,Jason Ortiz,martinezlogan@example.org,2023-10-30,inactive
222,Joseph Anderson,katrinaanderson@example.net,21/06/2020,active
223,Kelly Torres,marcusfletcher@example.com,31/05/2024,active
224,Sarah King,david49@example.net,17/10/2020,suspended
USR_225,Caroline David,georgeweber@example.net,14/11/2022,suspended
226,Kristy Bryan,millerstacy@example.net,02/04/2022,suspended
USR_227,Pamela Butler,,08/06/2025,inactive
USR_228,Stephen Gardner,timothy64@example.com,08-14-2020,active
229,Brooke Perry,mharris@example.org,29/08/2022,active
USR_230,Emma Travis,theresa25@example.net,10/10/2024,suspended
231,David Martinez,,28/10/2023,suspended
USR_232,Brent Roberts,alin@example.org,05-11-2021,inactive
USR_233,Taylor Griffith,kathrynjimenez@example.net,12-21-2023,active
234,Mr. Alexander Landry MD,jasongomez@example.org,2022-05-24,suspended
235,Stephen Pena MD,booneryan@example.com,2026-03-10,inactive
236,Jamie Williams,hudsonjames@example.net,2022-06-15,inactive
237,Jonathan Duran,marcia99@example.org,02-03-2021,inactive
238,Jennifer Norton,angela52@example.org,14/02/2025,active
239,Kathryn Williams,jenniferbrock@example.net,2023-11-20,suspended
240,Steven Taylor,francisco94@example.net,2022-11-11,inactive
241,Katrina Burns,thomas05@example.com,24/09/2025,suspended
USR_242,Jason Parker,,03-03-2026,inactive
243,Lori Carlson,tammy99@example.org,02-19-2026,inactive
244,John Warren,rhernandez@example.org,08/04/2020,inactive
245,Melody Lee,jedwards@example.com,15/11/2025,inactive
246,Jonathan Carr,vsalas@example.net,07-12-2020,active
247,Kelly Hoffman,ufox@example.org,29/11/2023,active
248,Gloria Gomez,chelsea33@example.com,29/09/2024,inactive
249,Todd Hendrix,janet75@example.com,12-19-2022,active
250,Taylor Griffith,,06-13-2022,suspended
251,Michael James,xcardenas@example.org,21/06/2022,active
252,Tyler Miller,vdouglas@example.com,10-26-2021,active
253,Joshua Fitzpatrick,derrick99@example.org,2022-01-23,active
254,Taylor Perez,briangutierrez@example.net,07/01/2024,suspended
255,Randy Smith,richarddonovan@example.com,23/01/2024,suspended
256,Nicole Mitchell,debbie19@example.org,20/07/2024,suspended
257,Sarah Johnson,robertmonroe@example.org,05-18-2023,active
258,Charlotte Curry,nancy04@example.net,02-15-2025,inactive
259,William Mitchell,ismall@example.net,25/12/2023,active
260,Robert Rivera,twong@example.org,2020-02-13,inactive
USR_261,Rachel Bradley,gregorychase@example.com,2023-08-21,active
262,Angie Caldwell,,28/07/2021,inactive
263,Mrs. Taylor Smith,wyoung@example.com,21/10/2022,suspended
264,Nathan Smith,heather01@example.com,2022-08-11,active
265,Michael Leblanc,hannah45@example.net,11-17-2021,active
266,Casey Hernandez,robert87@example.net,2025-08-25,inactive
267,Pamela Becker,foxallison@example.com,08-30-2020,active
268,Ashley Poole,ashleyhernandez@example.com,04/06/2024,suspended
269,Michael Love,,27/02/2024,suspended
USR_270,Jordan Stokes,aanderson@example.com,10-18-2024,inactive
271,Joel Roman,fosterlisa@example.net,07/11/2021,inactive
USR_272,Amber Cooper,weaverbrian@example.org,06/01/2024,suspended
USR_273,Jason Mack,ybrooks@example.com,2023-03-18,suspended
274,Michael Stanley,,08-02-2024,suspended
275,Scott Wilson,urice@example.org,01-11-2020,inactive
276,Veronica Ford,opatel@example.org,2023-12-02,suspended
277,Donald Pineda,johnsondonna@example.net,2020-02-18,suspended
USR_278,Austin Wheeler,tharper@example.org,01-30-2022,suspended
279,Jennifer Young,karenparsons@example.org,04-14-2024,suspended
USR_280,Cynthia Hendricks DDS,joel28@example.org,2023-07-08,suspended
281,Antonio Fry,conniesimmons@example.com,25/05/2020,inactive
282,Teresa Powers,heather62@example.com,2023-03-15,suspended
283,Joshua Allen,kevinzimmerman@example.com,06-28-2020,inactive
284,Tracy Grant,paulscott@example.com,02/07/2025,inactive
285,Jerry Watson,brettbennett@example.net,2025-02-16,inactive
286,Benjamin Ballard,timothybooth@example.com,2022-07-30,suspended
287,Alexis Giles,burgesskaren@example.org,12-01-2025,inactive
USR_288,Christine Herman,kimberly67@example.net,08/07/2025,suspended
USR_289,Dennis Hunt,zowens@example.net,12-29-2023,suspended
USR_290,Erica Harris,robert93@example.net,03-29-2021,inactive
USR_291,Juan Silva,mphillips@example.com,2021-12-15,suspended
292,Roy Porter,jonathan77@example.com,06-06-2021,active
293,Heather Taylor,iwhite@example.net,01/07/2020,suspended
294,Sara Jones,duranrobert@example.net,2021-12-20,active
295,Chris Robinson,nbrooks@example.net,02/09/2025,active
USR_296,Susan Hopkins,smithandrea@example.org,2020-02-21,inactive
297,Denise Madden,shawheidi@example.com,07-10-2021,suspended
298,Brent Hernandez,christineking@example.com,04-10-2022,suspended
USR_299,Angela Chung,scunningham@example.org,2022-07-20,inactive
300,Sarah Valdez,davisnicholas@example.net,18/01/2024,active
301,Adam Jackson,pbruce@example.com,24/10/2024,active
302,Valerie Jacobson,,05-12-2020,inactive
303,Steven Schwartz,enelson@example.net,21/05/2022,active
304,Kristy Johnson,alexis39@example.org,2026-01-23,inactive
USR_305,Tanya Evans,ashleyatkinson@example.net,08-06-2024,suspended
306,Perry Taylor,,11/11/2025,active
307,Kathryn Mccann,davisjesse@example.org,2022-11-24,active
308,Lisa Larson,anthony47@example.com,12-09-2021,active
309,Todd Reynolds,nmiller@example.com,2022-02-04,suspended
USR_310,Angela Moore,jodistewart@example.org,2020-10-11,active
311,Eric Ward,curtis12@example.com,2023-10-26,suspended
312,Kayla Garcia,gomezchristopher@example.net,04/10/2022,active
313,Alexandria Gutierrez,,20/09/2020,active
USR_314,Kristin Haney,ashleyjackson@example.com,2021-06-10,suspended
USR_315,Eric Snyder,jacksonjoshua@example.com,13/02/2024,suspended
316,Heather Raymond,mwheeler@example.com,2020-11-28,suspended
USR_317,Adam Foster,vbrock@example.com,11-05-2022,suspended
318,Rodney Curtis,kevinmorrison@example.net,2021-09-16,active
319,Christopher Sanders,kelly79@example.org,09/10/2022,suspended
USR_320,Robert Long,frederickjames@example.net,13/07/2021,active
321,Krista Benton,nhahn@example.com,2022-06-24,active
USR_322,Andrea Abbott,ichambers@example.net,07-29-2022,suspended
323,Matthew Espinoza,mjones@example.com,12-13-2024,suspended
USR_324,Jonathon Knapp,ystephens@example.com,19/12/2025,active
325,Kimberly Little,rodriguezjohn@example.net,01-07-2023,suspended
326,Lonnie Hart,vrasmussen@example.com,2020-11-25,inactive
327,David Dixon,seanmyers@example.net,02/01/2025,inactive
328,Brittany Cuevas,agarcia@example.org,26/12/2020,inactive
329,Monica Bailey,stanley38@example.com,2022-12-18,suspended
330,Jeffrey Horton,,2022-09-17,active
331,Andrew Page,sweeneydeborah@example.net,25/05/2021,active
332,Natalie Black,marksimmons@example.com,12-21-2021,suspended
333,Lori Lopez,vfoster@example.net,05/09/2021,suspended
334,Jeffrey Smith,jamiegoodwin@example.org,11-28-2024,active
335,Shane Lopez,james14@example.net,29/02/2024,active
336,Margaret Harper,wmatthews@example.com,11-23-2023,inactive
USR_337,Robin Mccarthy,samantha91@example.net,02-20-2021,inactive
USR_338,David Wilson,heather86@example.com,2025-01-27,inactive
339,James Lopez,angelaburns@example.org,08-04-2021,suspended
340,Jerry Brown,stephanie72@example.org,04-07-2023,suspended
341,Kathy Simpson,cperry@example.com,2021-06-03,inactive
342,Andre Juarez,antonio38@example.com,06/06/2021,inactive
USR_343,Krystal Barton,hdunn@example.net,12-20-2020,suspended
344,Joshua Ritter,wolfscott@example.org,08-13-2023,active
USR_345,Ronald Potter,nancy07@example.com,18/12/2022,inactive
346,Angie Grimes,rowejoel@example.net,31/12/2024,suspended
347,Shannon Bishop,imartin@example.org,10-04-2021,active
348,Laura Patel,mariopadilla@example.com,11-14-2024,active
349,Scott Duke,taylorkaren@example.com,07-03-2020,inactive
350,Sharon Martinez DVM,dustinmorris@example.org,01/10/2025,active
351,Charles Chen,ebrooks@example.net,16/10/2020,active
USR_352,Paul Neal,shawn75@example.net,08/01/2020,suspended
353,Sarah Davis,,25/11/2023,suspended
USR_354,Melissa Horn,brobinson@example.org,2024-03-17,active
355,Ronald Morgan,ashleewashington@example.com,2025-10-21,active
356,Amber Sims,ksmith@example.com,2023-11-19,inactive
357,Tyler Harris,nicoleturner@example.com,10-16-2020,suspended
358,Danielle Watson,,07-09-2025,active
359,James Torres,rubendavis@example.org,2020-01-04,inactive
360,Blake Wheeler,ssmith@example.com,01-09-2021,suspended
361,Jennifer Anderson MD,zdavis@example.org,2020-11-16,inactive
USR_362,Stanley Taylor,darlenebyrd@example.org,06/07/2024,suspended
363,Lisa Martin,,2022-12-27,active
364,Lori Hernandez,cjensen@example.org,2020-09-26,inactive
365,Brenda Martinez,bbell@example.com,2021-03-10,inactive
366,Matthew Wright,,02-10-2025,active
367,Lisa Maxwell,abbottdominique@example.com,30/09/2021,inactive
368,Katrina Adkins,debbie37@example.com,2020-12-16,active
USR_369,Mark Jones,hatfieldsarah@example.org,2023-04-16,suspended
USR_370,Laura Diaz,kathrynbest@example.org,2020-02-21,active
371,Alexis Lewis,fryraymond@example.com,06/05/2025,suspended
372,Pamela Henderson,imiller@example.net,03-28-2025,suspended
373,Bradley Miller,terrimoore@example.com,04-28-2023,inactive
USR_374,Pamela Santos,,21/06/2025,suspended
375,Michael Blair,brianmiller@example.com,2020-12-26,inactive
376,Lee Parker,davidzimmerman@example.net,05/02/2020,active
USR_377,Troy Mills,gary24@example.net,2021-01-01,suspended
378,Alyssa Roman,alexandria49@example.net,08-27-2020,suspended
379,Jorge Brown PhD,michaelscott@example.org,11-18-2024,suspended
380,Ashley Yang,williamsmichelle@example.org,05-22-2020,suspended
USR_381,James Hernandez,tranrobin@example.net,07-30-2025,active
382,Frank Butler,joseph19@example.com,05/01/2021,suspended
USR_383,Stephanie White,finleycasey@example.com,2022-05-27,active
384,Emily Miller,msmith@example.com,10-17-2024,suspended
385,Nancy Sanchez,brittany73@example.net,25/08/2024,inactive
386,Danielle Smith,ijohnson@example.com,05-29-2025,active
387,Sherry Tapia,blakenicholas@example.net,2026-03-09,inactive
USR_388,Daniel Bird,dvasquez@example.org,20/01/2026,inactive
389,Andrew Hall,xhaynes@example.com,09-20-2020,active
390,Kathy Walsh,kjones@example.org,2023-09-13,inactive
391,Bianca Carter,sara65@example.com,11-07-2023,inactive
USR_392,Benjamin Harris,moorefrank@example.com,2022-09-02,inactive
393,Joshua Oconnell,shannonford@example.org,07/10/2020,active
394,Michael Mckenzie,lewismelissa@example.org,10-10-2020,suspended
395,Tracy Foster,,06-01-2020,inactive
396,Debbie Ewing,,06/04/2020,active
397,Sarah Hawkins,codygarcia@example.org,12/01/2021,active
USR_398,Ronald Haas,jamesmorales@example.net,2025-05-12,inactive
399,Angela Willis,johnsoncaleb@example.net,10-09-2023,suspended
400,Anna Boone,,27/10/2022,suspended
USR_401,Tom Williams,zunderwood@example.com,2020-04-01,active
402,Jeffery Gomez,joshuagriffin@example.org,2020-04-17,suspended
403,Lisa Holland,jjenkins@example.com,07-08-2020,suspended
USR_404,James Barnes,crystalpham@example.org,03/04/2023,suspended
405,Heather Stephens,kcooper@example.net,2022-09-26,inactive
406,Christopher Flores,anthonycochran@example.com,2020-07-01,inactive
407,Kaitlyn Howard,terrigarcia@example.net,19/01/2022,inactive
408,Robert Stark,gallagherstacie@example.net,04-21-2023,suspended
409,Ryan Bruce,joelstewart@example.net,2025-12-07,suspended
USR_410,Kevin Warner,stacey92@example.net,08-07-2021,inactive
411,Rita Waller,gregory01@example.org,2021-12-23,suspended
412,Alicia Woods,samantha32@example.com,05/02/2026,active
413,Robert Oneill,johnsonbrenda@example.org,12-10-2020,active
414,Shannon Yu,,2023-03-06,inactive
415,Mary Willis,kevin22@example.net,19/09/2023,active
416,Toni Banks,jasminehoffman@example.net,13/01/2023,active
417,Kevin Thompson,,2022-08-11,suspended
418,Elizabeth Thompson,rushstacy@example.com,2024-10-29,active
USR_419,Lance Mccall,daniellegarcia@example.com,03-12-2021,active
420,Blake Reed,gary15@example.com,02-05-2020,active
421,David Jones,,2022-03-08,active
422,Michelle Williams,koconnor@example.com,03-11-2024,inactive
USR_423,Heather Bennett,kkramer@example.net,04/11/2025,active
USR_424,Jerry Lloyd,phillipslucas@example.org,08-18-2020,inactive
USR_425,Stephen Martin,paynerachael@example.org,15/11/2022,suspended
426,Lisa Webb,reynoldsdesiree@example.net,09-11-2023,active
427,Brian Harris,robertspencer@example.net,2024-08-05,suspended
428,Douglas Young,longandrea@example.com,2021-04-22,suspended
429,Aaron Miller,bgonzalez@example.org,14/06/2021,active
430,Vanessa Wells,parkerraymond@example.com,08-15-2025,suspended
USR_431,Martin Hughes,nicole52@example.com,2020-05-18,suspended
432,John Perez,anne21@example.org,09-06-2025,active
433,Joshua Arellano,,2025-01-06,suspended
434,Antonio Hughes,rsheppard@example.com,11-14-2024,suspended
435,Karen Miller,shawrachel@example.net,06/10/2025,suspended
436,Mrs. Tiffany Cole,teresastokes@example.org,05-12-2020,inactive
437,William Graham,maryscott@example.net,2020-07-27,active
USR_438,Justin Arnold,april09@example.net,11/06/2024,active
USR_439,Ashley Hernandez,,2024-10-26,active
440,Olivia Ayers,hartcraig@example.com,22/07/2024,suspended
441,Sherry Baker,,07-27-2025,active
USR_442,Mr. Andrew Hill,christinebecker@example.com,2020-04-30,suspended
443,Shawn Vaughn,reesesamantha@example.com,03/03/2020,inactive
444,Riley Collins,rgarrison@example.org,09/12/2021,inactive
445,William Ramos,joseph69@example.net,04/10/2020,inactive
446,Daniel Holloway,xmalone@example.org,2024-05-19,suspended
447,Ana Mckinney,htaylor@example.net,2020-03-30,suspended
USR_448,Shaun Gonzalez,wrightstephen@example.com,29/12/2025,suspended
USR_449,Jacob Marshall,hreid@example.net,04-04-2020,inactive
USR_450,John Griffin,wmatthews@example.com,23/05/2021,active
451,Deanna Rivas,mitchellpaul@example.org,11-12-2024,inactive
USR_452,Cindy Walker,ericaadams@example.com,2024-05-13,active
453,Richard Saunders,wellsdavid@example.org,02-10-2025,suspended
454,Courtney Franklin,jennifer46@example.com,2022-12-19,suspended
455,Daniel Turner,asilva@example.net,2025-08-19,active
USR_456,Sara Hoffman,kenneth17@example.org,10/11/2022,inactive
457,Margaret Hensley MD,,2026-01-18,suspended
458,Marisa Lopez,racheltrujillo@example.net,09/06/2023,active
459,Melanie Griffith,qbright@example.com,11/06/2023,inactive
460,Andrew Erickson,matthewreeves@example.net,2024-07-19,active
461,Karen Shepard,william28@example.org,01/07/2022,suspended
USR_462,Carl Green,staceylam@example.net,10-04-2020,inactive
USR_463,Daniel Savage,vfrench@example.com,03-20-2022,inactive
USR_464,Julie Wilson,delacruzbrandy@example.net,2020-08-09,inactive
USR_465,Cory Wilson,amoreno@example.org,2021-04-13,suspended
466,Curtis Ortiz,tthomas@example.org,09-08-2020,inactive
467,Mr. Christopher Walters,hayesjason@example.org,25/11/2024,inactive
468,Katherine Gallagher,andersonryan@example.com,06-07-2023,suspended
USR_469,John Smith,jessicadodson@example.com,2024-07-07,active
470,Michael Sims,jeremywiley@example.com,2021-02-04,inactive
USR_471,Jonathan Torres,colonkenneth@example.com,17/11/2023,inactive
472,Linda Morgan,matthewvalenzuela@example.com,08-08-2021,active
USR_473,Terry Burnett,perezjessica@example.org,10-18-2021,suspended
474,Leah Jackson,jennifer06@example.net,05/03/2022,suspended
USR_475,Lisa Wheeler,stanleydesiree@example.org,05-29-2020,active
476,Jennifer James,thomas23@example.net,31/10/2025,active
477,Elizabeth Stanley,cindy26@example.org,05-08-2024,suspended
USR_478,Autumn Wilson,jimenezchelsea@example.com,13/06/2024,suspended
479,Heather Ortiz,,2021-05-13,suspended
USR_480,Jon Clark,arivera@example.org,17/09/2025,suspended
USR_481,Brian Andrews,fhernandez@example.net,08-21-2020,inactive
482,Ashley Scott,stephenmadden@example.com,12-13-2023,suspended
USR_483,Robert Sawyer,michael56@example.net,12-26-2020,suspended
USR_484,Peter Williams,elizabethjackson@example.com,09-21-2023,suspended
USR_485,Debra Quinn,lisa21@example.com,05-28-2023,suspended
486,Denise Cruz,pmarsh@example.org,2020-12-17,active
USR_487,Nicholas Jarvis,dalepruitt@example.com,11-02-2024,inactive
488,Catherine James,cheryl27@example.com,16/12/2020,suspended
489,Jessica Brown,alexander89@example.net,10-21-2024,suspended
USR_490,Tyler Marks,reynoldsjessica@example.com,10/12/2022,active
491,Margaret Hernandez,smithsarah@example.net,29/12/2023,inactive
USR_492,Sheila Jones,,07/03/2024,inactive
493,Gary Ramirez,andreagray@example.org,09-01-2020,active
494,Robert West,hwest@example.com,07-22-2025,inactive
495,Jamie Johnson,petersenlatoya@example.net,03/06/2025,suspended
496,Jordan Clark,xclements@example.org,23/11/2021,active
USR_497,Evelyn Saunders,xmoran@example.net,2023-11-06,active
USR_498,Peter Walker,michael48@example.net,03-07-2023,inactive
USR_499,Amber Martin,lydianewton@example.com,2020-11-28,inactive
